ID,MODULATION
0,QPSK
1,QPSK
2,8PSK
3,QPSK
4,QPSK
5,8PSK
6,8PSK
7,8PSK
8,8PSK
9,QPSK
10,QPSK
11,QPSK
12,QPSK
13,QPSK
14,8PSK
15,QPSK
16,QPSK
17,QPSK
18,8PSK
19,QPSK
20,QPSK
21,8PSK
22,QPSK
23,QPSK
24,8PSK
25,8PSK
26,QPSK
27,QPSK
28,QPSK
29,QPSK
30,8PSK
31,8PSK
32,8PSK
33,QPSK
34,8PSK
35,QPSK
36,QPSK
37,8PSK
38,QPSK
39,QPSK
40,8PSK
41,8PSK
42,QPSK
43,QPSK
44,QPSK
45,8PSK
46,QPSK
47,QPSK
48,QPSK
49,QPSK
50,QPSK
51,QPSK
52,QPSK
53,8PSK
54,8PSK
55,8PSK
56,QPSK
57,8PSK
58,QPSK
59,QPSK
60,QPSK
61,QPSK
62,8PSK
63,QPSK
64,8PSK
65,8PSK
66,QPSK
67,QPSK
68,8PSK
69,8PSK
70,8PSK
71,QPSK
72,QPSK
73,8PSK
74,QPSK
75,QPSK
76,QPSK
77,8PSK
78,8PSK
79,QPSK
80,QPSK
81,QPSK
82,QPSK
83,QPSK
84,QPSK
85,QPSK
86,8PSK
87,8PSK
88,QPSK
89,QPSK
90,QPSK
91,QPSK
92,QPSK
93,QPSK
94,8PSK
95,QPSK
96,QPSK
97,QPSK
98,QPSK
99,QPSK
100,QPSK
101,QPSK
102,QPSK
103,QPSK
104,QPSK
105,QPSK
106,8PSK
107,QPSK
108,QPSK
109,QPSK
110,QPSK
111,8PSK
112,QPSK
113,QPSK
114,8PSK
115,8PSK
116,QPSK
117,QPSK
118,QPSK
119,QPSK
120,QPSK
121,8PSK
122,QPSK
123,QPSK
124,QPSK
125,8PSK
126,QPSK
127,QPSK
128,QPSK
129,QPSK
130,8PSK
131,QPSK
132,8PSK
133,QPSK
134,QPSK
135,QPSK
136,QPSK
137,8PSK
138,QPSK
139,8PSK
140,QPSK
141,QPSK
142,8PSK
143,QPSK
144,8PSK
145,QPSK
146,QPSK
147,QPSK
148,QPSK
149,QPSK
150,QPSK
151,QPSK
152,QPSK
153,QPSK
154,QPSK
155,8PSK
156,QPSK
157,QPSK
158,8PSK
159,QPSK
160,8PSK
161,QPSK
162,QPSK
163,QPSK
164,QPSK
165,QPSK
166,8PSK
167,8PSK
168,QPSK
169,QPSK
170,8PSK
171,8PSK
172,8PSK
173,QPSK
174,QPSK
175,QPSK
176,QPSK
177,QPSK
178,8PSK
179,8PSK
180,QPSK
181,QPSK
182,8PSK
183,QPSK
184,8PSK
185,QPSK
186,QPSK
187,QPSK
188,8PSK
189,8PSK
190,QPSK
191,QPSK
192,QPSK
193,8PSK
194,QPSK
195,QPSK
196,8PSK
197,8PSK
198,QPSK
199,8PSK
200,QPSK
201,8PSK
202,QPSK
203,QPSK
204,8PSK
205,8PSK
206,QPSK
207,8PSK
208,QPSK
209,QPSK
210,QPSK
211,QPSK
212,QPSK
213,QPSK
214,QPSK
215,8PSK
216,8PSK
217,QPSK
218,8PSK
219,QPSK
220,QPSK
221,QPSK
222,8PSK
223,QPSK
224,8PSK
225,QPSK
226,QPSK
227,QPSK
228,QPSK
229,8PSK
230,QPSK
231,QPSK
232,8PSK
233,QPSK
234,QPSK
235,QPSK
236,QPSK
237,QPSK
238,QPSK
239,8PSK
240,QPSK
241,8PSK
242,8PSK
243,8PSK
244,QPSK
245,8PSK
246,QPSK
247,QPSK
248,QPSK
249,8PSK
250,QPSK
251,QPSK
252,QPSK
253,QPSK
254,8PSK
255,QPSK
256,QPSK
257,QPSK
258,QPSK
259,8PSK
260,QPSK
261,QPSK
262,QPSK
263,QPSK
264,QPSK
265,QPSK
266,QPSK
267,QPSK
268,QPSK
269,8PSK
270,QPSK
271,QPSK
272,8PSK
273,QPSK
274,QPSK
275,QPSK
276,8PSK
277,QPSK
278,QPSK
279,8PSK
280,8PSK
281,QPSK
282,8PSK
283,QPSK
284,QPSK
285,8PSK
286,QPSK
287,QPSK
288,8PSK
289,QPSK
290,QPSK
291,QPSK
292,8PSK
293,QPSK
294,QPSK
295,QPSK
296,QPSK
297,QPSK
298,QPSK
299,QPSK
300,8PSK
301,QPSK
302,QPSK
303,QPSK
304,QPSK
305,QPSK
306,QPSK
307,QPSK
308,QPSK
309,QPSK
310,8PSK
311,QPSK
312,QPSK
313,8PSK
314,QPSK
315,8PSK
316,QPSK
317,QPSK
318,QPSK
319,QPSK
320,QPSK
321,QPSK
322,QPSK
323,QPSK
324,QPSK
325,8PSK
326,QPSK
327,QPSK
328,QPSK
329,8PSK
330,8PSK
331,QPSK
332,QPSK
333,QPSK
334,QPSK
335,QPSK
336,8PSK
337,QPSK
338,QPSK
339,QPSK
340,8PSK
341,QPSK
342,8PSK
343,8PSK
344,QPSK
345,QPSK
346,8PSK
347,8PSK
348,QPSK
349,QPSK
350,QPSK
351,QPSK
352,QPSK
353,QPSK
354,QPSK
355,QPSK
356,8PSK
357,QPSK
358,8PSK
359,8PSK
360,8PSK
361,8PSK
362,8PSK
363,QPSK
364,8PSK
365,QPSK
366,QPSK
367,QPSK
368,QPSK
369,QPSK
370,QPSK
371,8PSK
372,QPSK
373,QPSK
374,QPSK
375,QPSK
376,QPSK
377,QPSK
378,8PSK
379,QPSK
380,QPSK
381,QPSK
382,QPSK
383,QPSK
384,QPSK
385,QPSK
386,QPSK
387,8PSK
388,QPSK
389,QPSK
390,QPSK
391,8PSK
392,QPSK
393,QPSK
394,QPSK
395,QPSK
396,QPSK
397,QPSK
398,QPSK
399,8PSK
400,QPSK
401,QPSK
402,8PSK
403,QPSK
404,QPSK
405,QPSK
406,8PSK
407,8PSK
408,QPSK
409,QPSK
410,QPSK
411,QPSK
412,8PSK
413,QPSK
414,QPSK
415,QPSK
416,8PSK
417,QPSK
418,QPSK
419,8PSK
420,8PSK
421,QPSK
422,8PSK
423,QPSK
424,QPSK
425,QPSK
426,QPSK
427,QPSK
428,QPSK
429,QPSK
430,QPSK
431,QPSK
432,QPSK
433,QPSK
434,8PSK
435,8PSK
436,QPSK
437,8PSK
438,QPSK
439,8PSK
440,QPSK
441,QPSK
442,QPSK
443,8PSK
444,QPSK
445,QPSK
446,8PSK
447,QPSK
448,QPSK
449,QPSK
450,8PSK
451,QPSK
452,8PSK
453,8PSK
454,8PSK
455,QPSK
456,8PSK
457,8PSK
458,8PSK
459,QPSK
460,QPSK
461,8PSK
462,QPSK
463,8PSK
464,QPSK
465,8PSK
466,QPSK
467,QPSK
468,QPSK
469,QPSK
470,QPSK
471,QPSK
472,QPSK
473,8PSK
474,8PSK
475,QPSK
476,QPSK
477,QPSK
478,QPSK
479,8PSK
480,QPSK
481,QPSK
482,8PSK
483,QPSK
484,QPSK
485,8PSK
486,QPSK
487,8PSK
488,8PSK
489,8PSK
490,8PSK
491,QPSK
492,QPSK
493,QPSK
494,QPSK
495,8PSK
496,QPSK
497,QPSK
498,8PSK
499,QPSK
500,8PSK
501,8PSK
502,QPSK
503,QPSK
504,8PSK
505,QPSK
506,QPSK
507,QPSK
508,QPSK
509,QPSK
510,QPSK
511,8PSK
512,QPSK
513,QPSK
514,QPSK
515,QPSK
516,QPSK
517,8PSK
518,QPSK
519,QPSK
520,8PSK
521,QPSK
522,8PSK
523,QPSK
524,QPSK
525,8PSK
526,QPSK
527,QPSK
528,8PSK
529,8PSK
530,8PSK
531,8PSK
532,8PSK
533,QPSK
534,QPSK
535,QPSK
536,QPSK
537,QPSK
538,8PSK
539,QPSK
540,8PSK
541,QPSK
542,8PSK
543,QPSK
544,QPSK
545,8PSK
546,QPSK
547,8PSK
548,QPSK
549,QPSK
550,QPSK
551,8PSK
552,QPSK
553,8PSK
554,8PSK
555,8PSK
556,QPSK
557,QPSK
558,8PSK
559,QPSK
560,QPSK
561,QPSK
562,8PSK
563,QPSK
564,QPSK
565,QPSK
566,QPSK
567,8PSK
568,8PSK
569,QPSK
570,QPSK
571,QPSK
572,QPSK
573,QPSK
574,QPSK
575,8PSK
576,QPSK
577,QPSK
578,QPSK
579,QPSK
580,QPSK
581,QPSK
582,QPSK
583,QPSK
584,QPSK
585,8PSK
586,8PSK
587,QPSK
588,QPSK
589,QPSK
590,QPSK
591,QPSK
592,QPSK
593,QPSK
594,QPSK
595,QPSK
596,QPSK
597,QPSK
598,QPSK
599,QPSK
600,8PSK
601,QPSK
602,QPSK
603,QPSK
604,QPSK
605,QPSK
606,QPSK
607,QPSK
608,8PSK
609,QPSK
610,8PSK
611,QPSK
612,QPSK
613,QPSK
614,QPSK
615,QPSK
616,QPSK
617,QPSK
618,QPSK
619,QPSK
620,8PSK
621,QPSK
622,8PSK
623,8PSK
624,QPSK
625,QPSK
626,QPSK
627,8PSK
628,QPSK
629,QPSK
630,QPSK
631,QPSK
632,QPSK
633,QPSK
634,QPSK
635,QPSK
636,QPSK
637,QPSK
638,QPSK
639,8PSK
640,QPSK
641,QPSK
642,8PSK
643,8PSK
644,QPSK
645,QPSK
646,QPSK
647,QPSK
648,8PSK
649,QPSK
650,8PSK
651,8PSK
652,QPSK
653,QPSK
654,8PSK
655,QPSK
656,QPSK
657,8PSK
658,QPSK
659,QPSK
660,QPSK
661,8PSK
662,8PSK
663,QPSK
664,QPSK
665,QPSK
666,QPSK
667,QPSK
668,8PSK
669,QPSK
670,8PSK
671,QPSK
672,QPSK
673,8PSK
674,QPSK
675,QPSK
676,QPSK
677,8PSK
678,QPSK
679,8PSK
680,QPSK
681,QPSK
682,QPSK
683,QPSK
684,QPSK
685,8PSK
686,QPSK
687,8PSK
688,QPSK
689,QPSK
690,QPSK
691,8PSK
692,QPSK
693,QPSK
694,8PSK
695,QPSK
696,QPSK
697,QPSK
698,QPSK
699,8PSK
700,QPSK
701,QPSK
702,QPSK
703,QPSK
704,QPSK
705,QPSK
706,QPSK
707,8PSK
708,8PSK
709,QPSK
710,8PSK
711,QPSK
712,8PSK
713,8PSK
714,QPSK
715,QPSK
716,8PSK
717,QPSK
718,QPSK
719,8PSK
720,QPSK
721,QPSK
722,QPSK
723,QPSK
724,QPSK
725,8PSK
726,QPSK
727,QPSK
728,8PSK
729,8PSK
730,8PSK
731,QPSK
732,QPSK
733,QPSK
734,8PSK
735,QPSK
736,8PSK
737,QPSK
738,QPSK
739,8PSK
740,QPSK
741,QPSK
742,8PSK
743,QPSK
744,QPSK
745,8PSK
746,QPSK
747,QPSK
748,QPSK
749,8PSK
750,QPSK
751,8PSK
752,QPSK
753,QPSK
754,8PSK
755,QPSK
756,QPSK
757,QPSK
758,8PSK
759,QPSK
760,8PSK
761,8PSK
762,QPSK
763,QPSK
764,8PSK
765,QPSK
766,8PSK
767,8PSK
768,QPSK
769,QPSK
770,8PSK
771,QPSK
772,QPSK
773,QPSK
774,QPSK
775,QPSK
776,QPSK
777,QPSK
778,8PSK
779,QPSK
780,QPSK
781,QPSK
782,8PSK
783,QPSK
784,QPSK
785,QPSK
786,QPSK
787,QPSK
788,8PSK
789,8PSK
790,QPSK
791,QPSK
792,8PSK
793,QPSK
794,8PSK
795,8PSK
796,8PSK
797,QPSK
798,QPSK
799,QPSK
800,QPSK
801,QPSK
802,QPSK
803,QPSK
804,QPSK
805,8PSK
806,QPSK
807,8PSK
808,8PSK
809,QPSK
810,8PSK
811,8PSK
812,QPSK
813,QPSK
814,QPSK
815,QPSK
816,QPSK
817,QPSK
818,8PSK
819,QPSK
820,QPSK
821,8PSK
822,QPSK
823,QPSK
824,QPSK
825,QPSK
826,8PSK
827,QPSK
828,QPSK
829,QPSK
830,QPSK
831,8PSK
832,8PSK
833,QPSK
834,8PSK
835,8PSK
836,QPSK
837,8PSK
838,QPSK
839,8PSK
840,8PSK
841,QPSK
842,8PSK
843,QPSK
844,QPSK
845,QPSK
846,QPSK
847,QPSK
848,8PSK
849,QPSK
850,8PSK
851,8PSK
852,QPSK
853,QPSK
854,QPSK
855,QPSK
856,8PSK
857,8PSK
858,QPSK
859,8PSK
860,8PSK
861,QPSK
862,8PSK
863,8PSK
864,8PSK
865,QPSK
866,QPSK
867,8PSK
868,QPSK
869,QPSK
870,QPSK
871,8PSK
872,QPSK
873,QPSK
874,QPSK
875,QPSK
876,8PSK
877,QPSK
878,8PSK
879,QPSK
880,QPSK
881,QPSK
882,8PSK
883,QPSK
884,QPSK
885,QPSK
886,QPSK
887,QPSK
888,8PSK
889,QPSK
890,QPSK
891,QPSK
892,8PSK
893,QPSK
894,8PSK
895,QPSK
896,QPSK
897,8PSK
898,8PSK
899,QPSK
900,QPSK
901,QPSK
902,QPSK
903,QPSK
904,QPSK
905,QPSK
906,8PSK
907,8PSK
908,QPSK
909,QPSK
910,QPSK
911,QPSK
912,QPSK
913,QPSK
914,8PSK
915,QPSK
916,QPSK
917,8PSK
918,8PSK
919,8PSK
920,QPSK
921,8PSK
922,8PSK
923,QPSK
924,8PSK
925,8PSK
926,QPSK
927,QPSK
928,8PSK
929,QPSK
930,QPSK
931,8PSK
932,8PSK
933,QPSK
934,8PSK
935,QPSK
936,QPSK
937,8PSK
938,8PSK
939,QPSK
940,QPSK
941,QPSK
942,8PSK
943,QPSK
944,QPSK
945,8PSK
946,8PSK
947,8PSK
948,QPSK
949,QPSK
950,8PSK
951,QPSK
952,QPSK
953,QPSK
954,QPSK
955,8PSK
956,QPSK
957,QPSK
958,QPSK
959,QPSK
960,QPSK
961,8PSK
962,QPSK
963,8PSK
964,8PSK
965,8PSK
966,8PSK
967,QPSK
968,QPSK
969,8PSK
970,8PSK
971,QPSK
972,QPSK
973,QPSK
974,QPSK
975,QPSK
976,8PSK
977,QPSK
978,QPSK
979,8PSK
980,QPSK
981,QPSK
982,QPSK
983,8PSK
984,QPSK
985,8PSK
986,8PSK
987,QPSK
988,8PSK
989,QPSK
990,QPSK
991,8PSK
992,QPSK
993,8PSK
994,QPSK
995,8PSK
996,8PSK
997,QPSK
998,QPSK
999,QPSK
1000,8PSK
1001,QPSK
1002,8PSK
1003,8PSK
1004,QPSK
1005,8PSK
1006,QPSK
1007,QPSK
1008,QPSK
1009,QPSK
1010,8PSK
1011,QPSK
1012,QPSK
1013,8PSK
1014,QPSK
1015,QPSK
1016,QPSK
1017,QPSK
1018,8PSK
1019,QPSK
1020,8PSK
1021,8PSK
1022,8PSK
1023,8PSK
1024,QPSK
1025,QPSK
1026,8PSK
1027,QPSK
1028,QPSK
1029,8PSK
1030,QPSK
1031,QPSK
1032,QPSK
1033,QPSK
1034,QPSK
1035,QPSK
1036,QPSK
1037,QPSK
1038,QPSK
1039,QPSK
1040,8PSK
1041,8PSK
1042,QPSK
1043,QPSK
1044,QPSK
1045,8PSK
1046,QPSK
1047,8PSK
1048,8PSK
1049,QPSK
1050,QPSK
1051,QPSK
1052,8PSK
1053,QPSK
1054,QPSK
1055,QPSK
1056,8PSK
1057,8PSK
1058,8PSK
1059,8PSK
1060,QPSK
1061,QPSK
1062,QPSK
1063,QPSK
1064,QPSK
1065,QPSK
1066,QPSK
1067,QPSK
1068,QPSK
1069,8PSK
1070,QPSK
1071,QPSK
1072,QPSK
1073,QPSK
1074,QPSK
1075,QPSK
1076,QPSK
1077,8PSK
1078,QPSK
1079,QPSK
1080,QPSK
1081,8PSK
1082,QPSK
1083,8PSK
1084,8PSK
1085,QPSK
1086,QPSK
1087,8PSK
1088,8PSK
1089,8PSK
1090,QPSK
1091,QPSK
1092,8PSK
1093,QPSK
1094,QPSK
1095,QPSK
1096,QPSK
1097,8PSK
1098,QPSK
1099,8PSK
1100,8PSK
1101,QPSK
1102,QPSK
1103,8PSK
1104,8PSK
1105,QPSK
1106,QPSK
1107,8PSK
1108,QPSK
1109,QPSK
1110,8PSK
1111,8PSK
1112,8PSK
1113,QPSK
1114,QPSK
1115,8PSK
1116,QPSK
1117,8PSK
1118,QPSK
1119,8PSK
1120,QPSK
1121,QPSK
1122,QPSK
1123,8PSK
1124,QPSK
1125,QPSK
1126,QPSK
1127,QPSK
1128,QPSK
1129,QPSK
1130,QPSK
1131,8PSK
1132,QPSK
1133,8PSK
1134,QPSK
1135,QPSK
1136,QPSK
1137,8PSK
1138,QPSK
1139,QPSK
1140,8PSK
1141,QPSK
1142,QPSK
1143,QPSK
1144,QPSK
1145,8PSK
1146,8PSK
1147,8PSK
1148,QPSK
1149,QPSK
1150,QPSK
1151,QPSK
1152,8PSK
1153,QPSK
1154,QPSK
1155,QPSK
1156,QPSK
1157,QPSK
1158,QPSK
1159,8PSK
1160,QPSK
1161,8PSK
1162,QPSK
1163,QPSK
1164,QPSK
1165,8PSK
1166,8PSK
1167,8PSK
1168,QPSK
1169,QPSK
1170,QPSK
1171,QPSK
1172,8PSK
1173,QPSK
1174,8PSK
1175,QPSK
1176,QPSK
1177,QPSK
1178,QPSK
1179,8PSK
1180,QPSK
1181,8PSK
1182,8PSK
1183,QPSK
1184,QPSK
1185,QPSK
1186,QPSK
1187,8PSK
1188,8PSK
1189,8PSK
1190,8PSK
1191,QPSK
1192,QPSK
1193,8PSK
1194,QPSK
1195,QPSK
1196,QPSK
1197,8PSK
1198,8PSK
1199,QPSK
1200,QPSK
1201,8PSK
1202,8PSK
1203,QPSK
1204,8PSK
1205,QPSK
1206,QPSK
1207,QPSK
1208,QPSK
1209,QPSK
1210,8PSK
1211,8PSK
1212,QPSK
1213,8PSK
1214,8PSK
1215,8PSK
1216,QPSK
1217,8PSK
1218,QPSK
1219,QPSK
1220,8PSK
1221,QPSK
1222,QPSK
1223,QPSK
1224,QPSK
1225,QPSK
1226,QPSK
1227,8PSK
1228,QPSK
1229,QPSK
1230,8PSK
1231,QPSK
1232,QPSK
1233,QPSK
1234,8PSK
1235,QPSK
1236,8PSK
1237,QPSK
1238,8PSK
1239,QPSK
1240,QPSK
1241,QPSK
1242,8PSK
1243,QPSK
1244,QPSK
1245,8PSK
1246,QPSK
1247,QPSK
1248,QPSK
1249,QPSK
1250,QPSK
1251,QPSK
1252,QPSK
1253,QPSK
1254,QPSK
1255,8PSK
1256,8PSK
1257,8PSK
1258,QPSK
1259,8PSK
1260,QPSK
1261,8PSK
1262,8PSK
1263,QPSK
1264,8PSK
1265,QPSK
1266,QPSK
1267,QPSK
1268,8PSK
1269,QPSK
1270,8PSK
1271,QPSK
1272,QPSK
1273,8PSK
1274,QPSK
1275,QPSK
1276,8PSK
1277,QPSK
1278,8PSK
1279,QPSK
1280,8PSK
1281,QPSK
1282,QPSK
1283,QPSK
1284,8PSK
1285,8PSK
1286,8PSK
1287,QPSK
1288,QPSK
1289,QPSK
1290,QPSK
1291,QPSK
1292,8PSK
1293,QPSK
1294,QPSK
1295,QPSK
1296,QPSK
1297,8PSK
1298,QPSK
1299,QPSK
1300,8PSK
1301,QPSK
1302,QPSK
1303,8PSK
1304,QPSK
1305,QPSK
1306,QPSK
1307,QPSK
1308,8PSK
1309,QPSK
1310,QPSK
1311,8PSK
1312,QPSK
1313,QPSK
1314,QPSK
1315,QPSK
1316,QPSK
1317,QPSK
1318,QPSK
1319,QPSK
1320,QPSK
1321,8PSK
1322,QPSK
1323,QPSK
1324,QPSK
1325,QPSK
1326,QPSK
1327,QPSK
1328,QPSK
1329,8PSK
1330,QPSK
1331,8PSK
1332,8PSK
1333,8PSK
1334,QPSK
1335,QPSK
1336,QPSK
1337,QPSK
1338,QPSK
1339,QPSK
1340,QPSK
1341,8PSK
1342,QPSK
1343,QPSK
1344,8PSK
1345,QPSK
1346,QPSK
1347,8PSK
1348,QPSK
1349,QPSK
1350,QPSK
1351,QPSK
1352,QPSK
1353,QPSK
1354,8PSK
1355,QPSK
1356,QPSK
1357,8PSK
1358,QPSK
1359,QPSK
1360,QPSK
1361,QPSK
1362,QPSK
1363,QPSK
1364,8PSK
1365,QPSK
1366,QPSK
1367,8PSK
1368,8PSK
1369,8PSK
1370,QPSK
1371,QPSK
1372,QPSK
1373,8PSK
1374,8PSK
1375,8PSK
1376,QPSK
1377,8PSK
1378,8PSK
1379,QPSK
1380,QPSK
1381,QPSK
1382,8PSK
1383,8PSK
1384,QPSK
1385,QPSK
1386,QPSK
1387,QPSK
1388,8PSK
1389,QPSK
1390,8PSK
1391,QPSK
1392,QPSK
1393,8PSK
1394,8PSK
1395,QPSK
1396,8PSK
1397,QPSK
1398,QPSK
1399,QPSK
1400,8PSK
1401,QPSK
1402,QPSK
1403,QPSK
1404,8PSK
1405,QPSK
1406,QPSK
1407,QPSK
1408,QPSK
1409,QPSK
1410,QPSK
1411,QPSK
1412,8PSK
1413,QPSK
1414,8PSK
1415,8PSK
1416,QPSK
1417,QPSK
1418,QPSK
1419,8PSK
1420,8PSK
1421,QPSK
1422,8PSK
1423,QPSK
1424,QPSK
1425,QPSK
1426,QPSK
1427,8PSK
1428,8PSK
1429,QPSK
1430,QPSK
1431,QPSK
1432,8PSK
1433,QPSK
1434,QPSK
1435,8PSK
1436,QPSK
1437,8PSK
1438,QPSK
1439,QPSK
1440,8PSK
1441,8PSK
1442,QPSK
1443,QPSK
1444,QPSK
1445,8PSK
1446,QPSK
1447,QPSK
1448,QPSK
1449,QPSK
1450,QPSK
1451,QPSK
1452,QPSK
1453,QPSK
1454,QPSK
1455,8PSK
1456,QPSK
1457,QPSK
1458,QPSK
1459,QPSK
1460,8PSK
1461,QPSK
1462,QPSK
1463,8PSK
1464,QPSK
1465,8PSK
1466,8PSK
1467,8PSK
1468,QPSK
1469,QPSK
1470,QPSK
1471,QPSK
1472,8PSK
1473,8PSK
1474,QPSK
1475,QPSK
1476,8PSK
1477,8PSK
1478,8PSK
1479,QPSK
1480,QPSK
1481,QPSK
1482,8PSK
1483,QPSK
1484,QPSK
1485,QPSK
1486,8PSK
1487,QPSK
1488,QPSK
1489,QPSK
1490,QPSK
1491,8PSK
1492,QPSK
1493,QPSK
1494,8PSK
1495,8PSK
1496,8PSK
1497,QPSK
1498,QPSK
1499,QPSK
1500,8PSK
1501,8PSK
1502,QPSK
1503,8PSK
1504,QPSK
1505,8PSK
1506,QPSK
1507,8PSK
1508,QPSK
1509,8PSK
1510,8PSK
1511,QPSK
1512,QPSK
1513,8PSK
1514,QPSK
1515,8PSK
1516,QPSK
1517,8PSK
1518,QPSK
1519,QPSK
1520,8PSK
1521,8PSK
1522,QPSK
1523,QPSK
1524,8PSK
1525,QPSK
1526,QPSK
1527,8PSK
1528,QPSK
1529,8PSK
1530,QPSK
1531,QPSK
1532,QPSK
1533,8PSK
1534,QPSK
1535,8PSK
1536,8PSK
1537,QPSK
1538,8PSK
1539,QPSK
1540,QPSK
1541,8PSK
1542,QPSK
1543,QPSK
1544,8PSK
1545,QPSK
1546,8PSK
1547,QPSK
1548,8PSK
1549,QPSK
1550,QPSK
1551,8PSK
1552,8PSK
1553,QPSK
1554,8PSK
1555,QPSK
1556,QPSK
1557,QPSK
1558,QPSK
1559,8PSK
1560,QPSK
1561,8PSK
1562,QPSK
1563,QPSK
1564,8PSK
1565,QPSK
1566,QPSK
1567,QPSK
1568,QPSK
1569,8PSK
1570,QPSK
1571,QPSK
1572,8PSK
1573,QPSK
1574,QPSK
1575,QPSK
1576,QPSK
1577,8PSK
1578,QPSK
1579,QPSK
1580,QPSK
1581,8PSK
1582,QPSK
1583,QPSK
1584,QPSK
1585,8PSK
1586,QPSK
1587,8PSK
1588,8PSK
1589,QPSK
1590,QPSK
1591,QPSK
1592,QPSK
1593,8PSK
1594,QPSK
1595,QPSK
1596,8PSK
1597,QPSK
1598,8PSK
1599,8PSK
1600,8PSK
1601,8PSK
1602,QPSK
1603,QPSK
1604,QPSK
1605,QPSK
1606,8PSK
1607,QPSK
1608,8PSK
1609,QPSK
1610,QPSK
1611,8PSK
1612,8PSK
1613,QPSK
1614,QPSK
1615,8PSK
1616,QPSK
1617,8PSK
1618,8PSK
1619,QPSK
1620,QPSK
1621,QPSK
1622,QPSK
1623,QPSK
1624,QPSK
1625,QPSK
1626,8PSK
1627,QPSK
1628,QPSK
1629,QPSK
1630,QPSK
1631,8PSK
1632,QPSK
1633,8PSK
1634,8PSK
1635,QPSK
1636,8PSK
1637,8PSK
1638,8PSK
1639,8PSK
1640,8PSK
1641,QPSK
1642,QPSK
1643,QPSK
1644,QPSK
1645,8PSK
1646,QPSK
1647,QPSK
1648,QPSK
1649,8PSK
1650,QPSK
1651,QPSK
1652,8PSK
1653,8PSK
1654,8PSK
1655,QPSK
1656,QPSK
1657,QPSK
1658,QPSK
1659,8PSK
1660,8PSK
1661,8PSK
1662,QPSK
1663,QPSK
1664,8PSK
1665,8PSK
1666,8PSK
1667,QPSK
1668,QPSK
1669,8PSK
1670,QPSK
1671,QPSK
1672,8PSK
1673,8PSK
1674,8PSK
1675,QPSK
1676,QPSK
1677,8PSK
1678,8PSK
1679,QPSK
1680,QPSK
1681,QPSK
1682,QPSK
1683,QPSK
1684,8PSK
1685,QPSK
1686,QPSK
1687,QPSK
1688,QPSK
1689,QPSK
1690,QPSK
1691,8PSK
1692,QPSK
1693,QPSK
1694,8PSK
1695,8PSK
1696,QPSK
1697,8PSK
1698,8PSK
1699,QPSK
1700,QPSK
1701,QPSK
1702,8PSK
1703,QPSK
1704,QPSK
1705,8PSK
1706,QPSK
1707,8PSK
1708,8PSK
1709,QPSK
1710,QPSK
1711,8PSK
1712,8PSK
1713,8PSK
1714,QPSK
1715,QPSK
1716,8PSK
1717,QPSK
1718,QPSK
1719,QPSK
1720,QPSK
1721,8PSK
1722,QPSK
1723,QPSK
1724,QPSK
1725,8PSK
1726,8PSK
1727,QPSK
1728,8PSK
1729,QPSK
1730,QPSK
1731,QPSK
1732,QPSK
1733,QPSK
1734,QPSK
1735,QPSK
1736,QPSK
1737,QPSK
1738,QPSK
1739,QPSK
1740,QPSK
1741,QPSK
1742,QPSK
1743,QPSK
1744,QPSK
1745,8PSK
1746,8PSK
1747,QPSK
1748,QPSK
1749,8PSK
1750,8PSK
1751,QPSK
1752,QPSK
1753,8PSK
1754,QPSK
1755,QPSK
1756,8PSK
1757,8PSK
1758,8PSK
1759,QPSK
1760,8PSK
1761,8PSK
1762,8PSK
1763,QPSK
1764,8PSK
1765,QPSK
1766,QPSK
1767,8PSK
1768,QPSK
1769,8PSK
1770,8PSK
1771,QPSK
1772,QPSK
1773,QPSK
1774,QPSK
1775,8PSK
1776,QPSK
1777,QPSK
1778,8PSK
1779,QPSK
1780,8PSK
1781,QPSK
1782,QPSK
1783,8PSK
1784,QPSK
1785,8PSK
1786,8PSK
1787,8PSK
1788,QPSK
1789,8PSK
1790,8PSK
1791,QPSK
1792,8PSK
1793,8PSK
1794,8PSK
1795,QPSK
1796,QPSK
1797,8PSK
1798,8PSK
1799,8PSK
1800,QPSK
1801,QPSK
1802,8PSK
1803,8PSK
1804,8PSK
1805,QPSK
1806,QPSK
1807,QPSK
1808,8PSK
1809,QPSK
1810,8PSK
1811,8PSK
1812,QPSK
1813,QPSK
1814,8PSK
1815,QPSK
1816,QPSK
1817,8PSK
1818,8PSK
1819,8PSK
1820,QPSK
1821,8PSK
1822,8PSK
1823,QPSK
1824,QPSK
1825,QPSK
1826,QPSK
1827,8PSK
1828,QPSK
1829,8PSK
1830,QPSK
1831,8PSK
1832,QPSK
1833,8PSK
1834,8PSK
1835,QPSK
1836,QPSK
1837,8PSK
1838,QPSK
1839,8PSK
1840,8PSK
1841,8PSK
1842,8PSK
1843,QPSK
1844,8PSK
1845,QPSK
1846,QPSK
1847,QPSK
1848,QPSK
1849,QPSK
1850,QPSK
1851,QPSK
1852,QPSK
1853,QPSK
1854,QPSK
1855,8PSK
1856,8PSK
1857,QPSK
1858,QPSK
1859,QPSK
1860,QPSK
1861,QPSK
1862,QPSK
1863,QPSK
1864,8PSK
1865,QPSK
1866,QPSK
1867,QPSK
1868,QPSK
1869,8PSK
1870,QPSK
1871,QPSK
1872,QPSK
1873,QPSK
1874,QPSK
1875,8PSK
1876,QPSK
1877,8PSK
1878,8PSK
1879,QPSK
1880,QPSK
1881,QPSK
1882,8PSK
1883,QPSK
1884,8PSK
1885,QPSK
1886,QPSK
1887,QPSK
1888,QPSK
1889,8PSK
1890,QPSK
1891,QPSK
1892,QPSK
1893,QPSK
1894,QPSK
1895,8PSK
1896,QPSK
1897,8PSK
1898,QPSK
1899,8PSK
1900,QPSK
1901,QPSK
1902,QPSK
1903,QPSK
1904,QPSK
1905,QPSK
1906,8PSK
1907,QPSK
1908,QPSK
1909,QPSK
1910,8PSK
1911,8PSK
1912,QPSK
1913,QPSK
1914,QPSK
1915,8PSK
1916,8PSK
1917,8PSK
1918,8PSK
1919,8PSK
1920,QPSK
1921,QPSK
1922,QPSK
1923,QPSK
1924,QPSK
1925,QPSK
1926,QPSK
1927,8PSK
1928,8PSK
1929,QPSK
1930,8PSK
1931,QPSK
1932,QPSK
1933,8PSK
1934,QPSK
1935,8PSK
1936,QPSK
1937,8PSK
1938,8PSK
1939,QPSK
1940,8PSK
1941,QPSK
1942,QPSK
1943,QPSK
1944,QPSK
1945,8PSK
1946,QPSK
1947,QPSK
1948,QPSK
1949,8PSK
1950,QPSK
1951,8PSK
1952,QPSK
1953,8PSK
1954,QPSK
1955,QPSK
1956,QPSK
1957,QPSK
1958,8PSK
1959,QPSK
1960,QPSK
1961,8PSK
1962,8PSK
1963,QPSK
1964,QPSK
1965,8PSK
1966,8PSK
1967,QPSK
1968,QPSK
1969,QPSK
1970,8PSK
1971,QPSK
1972,QPSK
1973,QPSK
1974,QPSK
1975,QPSK
1976,QPSK
1977,QPSK
1978,8PSK
1979,QPSK
1980,QPSK
1981,8PSK
1982,QPSK
1983,QPSK
1984,QPSK
1985,QPSK
1986,QPSK
1987,QPSK
1988,QPSK
1989,QPSK
1990,QPSK
1991,QPSK
1992,QPSK
1993,8PSK
1994,QPSK
1995,QPSK
1996,QPSK
1997,QPSK
1998,8PSK
1999,QPSK
2000,QPSK
2001,8PSK
2002,QPSK
2003,8PSK
2004,QPSK
2005,QPSK
2006,8PSK
2007,8PSK
2008,8PSK
2009,QPSK
2010,QPSK
2011,8PSK
2012,8PSK
2013,QPSK
2014,8PSK
2015,QPSK
2016,8PSK
2017,QPSK
2018,QPSK
2019,QPSK
2020,QPSK
2021,QPSK
2022,8PSK
2023,QPSK
2024,8PSK
2025,8PSK
2026,8PSK
2027,QPSK
2028,QPSK
2029,8PSK
2030,QPSK
2031,QPSK
2032,QPSK
2033,8PSK
2034,8PSK
2035,QPSK
2036,QPSK
2037,QPSK
2038,8PSK
2039,QPSK
2040,QPSK
2041,QPSK
2042,QPSK
2043,QPSK
2044,QPSK
2045,QPSK
2046,QPSK
2047,QPSK
2048,QPSK
2049,QPSK
2050,QPSK
2051,8PSK
2052,QPSK
2053,QPSK
2054,QPSK
2055,QPSK
2056,QPSK
2057,QPSK
2058,QPSK
2059,QPSK
2060,QPSK
2061,QPSK
2062,QPSK
2063,8PSK
2064,QPSK
2065,QPSK
2066,8PSK
2067,QPSK
2068,QPSK
2069,QPSK
2070,8PSK
2071,QPSK
2072,QPSK
2073,QPSK
2074,8PSK
2075,QPSK
2076,8PSK
2077,8PSK
2078,QPSK
2079,8PSK
2080,QPSK
2081,QPSK
2082,QPSK
2083,QPSK
2084,QPSK
2085,QPSK
2086,QPSK
2087,8PSK
2088,8PSK
2089,8PSK
2090,QPSK
2091,QPSK
2092,QPSK
2093,QPSK
2094,8PSK
2095,QPSK
2096,8PSK
2097,8PSK
2098,QPSK
2099,8PSK
2100,8PSK
2101,QPSK
2102,8PSK
2103,8PSK
2104,QPSK
2105,QPSK
2106,QPSK
2107,QPSK
2108,QPSK
2109,QPSK
2110,8PSK
2111,QPSK
2112,QPSK
2113,QPSK
2114,8PSK
2115,8PSK
2116,QPSK
2117,QPSK
2118,QPSK
2119,8PSK
2120,QPSK
2121,8PSK
2122,QPSK
2123,8PSK
2124,QPSK
2125,QPSK
2126,QPSK
2127,QPSK
2128,QPSK
2129,8PSK
2130,QPSK
2131,QPSK
2132,QPSK
2133,QPSK
2134,QPSK
2135,QPSK
2136,8PSK
2137,QPSK
2138,QPSK
2139,8PSK
2140,QPSK
2141,QPSK
2142,QPSK
2143,QPSK
2144,8PSK
2145,QPSK
2146,8PSK
2147,8PSK
2148,QPSK
2149,8PSK
2150,8PSK
2151,QPSK
2152,QPSK
2153,QPSK
2154,8PSK
2155,QPSK
2156,8PSK
2157,QPSK
2158,8PSK
2159,QPSK
2160,QPSK
2161,QPSK
2162,8PSK
2163,QPSK
2164,QPSK
2165,QPSK
2166,QPSK
2167,8PSK
2168,QPSK
2169,QPSK
2170,QPSK
2171,QPSK
2172,8PSK
2173,8PSK
2174,QPSK
2175,8PSK
2176,8PSK
2177,8PSK
2178,8PSK
2179,8PSK
2180,QPSK
2181,QPSK
2182,QPSK
2183,8PSK
2184,QPSK
2185,QPSK
2186,QPSK
2187,QPSK
2188,QPSK
2189,QPSK
2190,QPSK
2191,QPSK
2192,QPSK
2193,8PSK
2194,QPSK
2195,8PSK
2196,QPSK
2197,QPSK
2198,8PSK
2199,8PSK
2200,QPSK
2201,8PSK
2202,QPSK
2203,QPSK
2204,8PSK
2205,QPSK
2206,QPSK
2207,QPSK
2208,QPSK
2209,QPSK
2210,QPSK
2211,8PSK
2212,8PSK
2213,QPSK
2214,8PSK
2215,QPSK
2216,QPSK
2217,8PSK
2218,8PSK
2219,QPSK
2220,8PSK
2221,QPSK
2222,QPSK
2223,QPSK
2224,QPSK
2225,QPSK
2226,8PSK
2227,QPSK
2228,QPSK
2229,8PSK
2230,8PSK
2231,QPSK
2232,QPSK
2233,QPSK
2234,QPSK
2235,QPSK
2236,QPSK
2237,QPSK
2238,QPSK
2239,QPSK
2240,QPSK
2241,QPSK
2242,8PSK
2243,QPSK
2244,8PSK
2245,QPSK
2246,QPSK
2247,8PSK
2248,8PSK
2249,QPSK
2250,QPSK
2251,QPSK
2252,QPSK
2253,8PSK
2254,QPSK
2255,8PSK
2256,QPSK
2257,8PSK
2258,8PSK
2259,QPSK
2260,QPSK
2261,QPSK
2262,8PSK
2263,QPSK
2264,8PSK
2265,QPSK
2266,QPSK
2267,QPSK
2268,8PSK
2269,QPSK
2270,8PSK
2271,QPSK
2272,8PSK
2273,QPSK
2274,8PSK
2275,QPSK
2276,QPSK
2277,8PSK
2278,QPSK
2279,QPSK
2280,8PSK
2281,QPSK
2282,QPSK
2283,QPSK
2284,QPSK
2285,QPSK
2286,QPSK
2287,QPSK
2288,8PSK
2289,8PSK
2290,QPSK
2291,8PSK
2292,8PSK
2293,QPSK
2294,8PSK
2295,QPSK
2296,QPSK
2297,QPSK
2298,QPSK
2299,QPSK
2300,QPSK
2301,8PSK
2302,8PSK
2303,QPSK
2304,QPSK
2305,8PSK
2306,QPSK
2307,QPSK
2308,8PSK
2309,QPSK
2310,QPSK
2311,QPSK
2312,QPSK
2313,QPSK
2314,QPSK
2315,8PSK
2316,8PSK
2317,QPSK
2318,8PSK
2319,QPSK
2320,8PSK
2321,QPSK
2322,QPSK
2323,QPSK
2324,QPSK
2325,QPSK
2326,QPSK
2327,QPSK
2328,8PSK
2329,8PSK
2330,QPSK
2331,8PSK
2332,8PSK
2333,QPSK
2334,QPSK
2335,QPSK
2336,QPSK
2337,8PSK
2338,8PSK
2339,QPSK
2340,QPSK
2341,QPSK
2342,8PSK
2343,8PSK
2344,QPSK
2345,8PSK
2346,QPSK
2347,QPSK
2348,QPSK
2349,8PSK
2350,QPSK
2351,8PSK
2352,QPSK
2353,QPSK
2354,QPSK
2355,QPSK
2356,QPSK
2357,QPSK
2358,QPSK
2359,8PSK
2360,QPSK
2361,QPSK
2362,8PSK
2363,QPSK
2364,QPSK
2365,QPSK
2366,QPSK
2367,8PSK
2368,QPSK
2369,8PSK
2370,QPSK
2371,8PSK
2372,QPSK
2373,8PSK
2374,QPSK
2375,QPSK
2376,8PSK
2377,8PSK
2378,QPSK
2379,QPSK
2380,QPSK
2381,QPSK
2382,QPSK
2383,QPSK
2384,QPSK
2385,QPSK
2386,QPSK
2387,8PSK
2388,QPSK
2389,8PSK
2390,QPSK
2391,QPSK
2392,8PSK
2393,8PSK
2394,8PSK
2395,QPSK
2396,QPSK
2397,QPSK
2398,8PSK
2399,QPSK
2400,8PSK
2401,QPSK
2402,QPSK
2403,8PSK
2404,8PSK
2405,8PSK
2406,QPSK
2407,QPSK
2408,QPSK
2409,QPSK
2410,QPSK
2411,8PSK
2412,QPSK
2413,QPSK
2414,8PSK
2415,QPSK
2416,QPSK
2417,QPSK
2418,QPSK
2419,QPSK
2420,8PSK
2421,QPSK
2422,QPSK
2423,8PSK
2424,QPSK
2425,QPSK
2426,QPSK
2427,QPSK
2428,QPSK
2429,8PSK
2430,QPSK
2431,QPSK
2432,8PSK
2433,QPSK
2434,QPSK
2435,QPSK
2436,QPSK
2437,8PSK
2438,8PSK
2439,QPSK
2440,QPSK
2441,8PSK
2442,8PSK
2443,8PSK
2444,QPSK
2445,QPSK
2446,QPSK
2447,8PSK
2448,QPSK
2449,QPSK
2450,8PSK
2451,QPSK
2452,QPSK
2453,QPSK
2454,QPSK
2455,QPSK
2456,8PSK
2457,8PSK
2458,QPSK
2459,QPSK
2460,QPSK
2461,8PSK
2462,QPSK
2463,8PSK
2464,QPSK
2465,QPSK
2466,8PSK
2467,QPSK
2468,QPSK
2469,8PSK
2470,QPSK
2471,QPSK
2472,QPSK
2473,QPSK
2474,QPSK
2475,QPSK
2476,QPSK
2477,QPSK
2478,8PSK
2479,QPSK
2480,8PSK
2481,QPSK
2482,QPSK
2483,8PSK
2484,QPSK
2485,QPSK
2486,QPSK
2487,QPSK
2488,8PSK
2489,QPSK
2490,QPSK
2491,8PSK
2492,QPSK
2493,QPSK
2494,QPSK
2495,QPSK
2496,QPSK
2497,QPSK
2498,QPSK
2499,QPSK
2500,8PSK
2501,8PSK
2502,8PSK
2503,8PSK
2504,8PSK
2505,QPSK
2506,8PSK
2507,QPSK
2508,QPSK
2509,QPSK
2510,8PSK
2511,QPSK
2512,QPSK
2513,8PSK
2514,8PSK
2515,8PSK
2516,QPSK
2517,QPSK
2518,QPSK
2519,QPSK
2520,QPSK
2521,8PSK
2522,QPSK
2523,8PSK
2524,QPSK
2525,QPSK
2526,8PSK
2527,QPSK
2528,QPSK
2529,QPSK
2530,QPSK
2531,QPSK
2532,8PSK
2533,8PSK
2534,QPSK
2535,QPSK
2536,QPSK
2537,8PSK
2538,QPSK
2539,QPSK
2540,8PSK
2541,QPSK
2542,QPSK
2543,QPSK
2544,QPSK
2545,QPSK
2546,8PSK
2547,QPSK
2548,QPSK
2549,8PSK
2550,QPSK
2551,QPSK
2552,QPSK
2553,QPSK
2554,QPSK
2555,8PSK
2556,8PSK
2557,8PSK
2558,8PSK
2559,8PSK
2560,QPSK
2561,QPSK
2562,QPSK
2563,QPSK
2564,QPSK
2565,8PSK
2566,QPSK
2567,QPSK
2568,QPSK
2569,8PSK
2570,QPSK
2571,QPSK
2572,QPSK
2573,QPSK
2574,QPSK
2575,8PSK
2576,8PSK
2577,8PSK
2578,QPSK
2579,QPSK
2580,QPSK
2581,QPSK
2582,8PSK
2583,QPSK
2584,QPSK
2585,8PSK
2586,8PSK
2587,8PSK
2588,8PSK
2589,8PSK
2590,QPSK
2591,8PSK
2592,QPSK
2593,QPSK
2594,QPSK
2595,8PSK
2596,QPSK
2597,QPSK
2598,QPSK
2599,QPSK
2600,QPSK
2601,8PSK
2602,8PSK
2603,8PSK
2604,QPSK
2605,QPSK
2606,QPSK
2607,8PSK
2608,8PSK
2609,QPSK
2610,QPSK
2611,QPSK
2612,QPSK
2613,QPSK
2614,QPSK
2615,QPSK
2616,8PSK
2617,QPSK
2618,8PSK
2619,8PSK
2620,8PSK
2621,QPSK
2622,QPSK
2623,QPSK
2624,QPSK
2625,8PSK
2626,QPSK
2627,QPSK
2628,QPSK
2629,8PSK
2630,8PSK
2631,QPSK
2632,QPSK
2633,QPSK
2634,QPSK
2635,8PSK
2636,QPSK
2637,8PSK
2638,QPSK
2639,QPSK
2640,8PSK
2641,QPSK
2642,8PSK
2643,QPSK
2644,QPSK
2645,QPSK
2646,QPSK
2647,QPSK
2648,QPSK
2649,QPSK
2650,QPSK
2651,QPSK
2652,QPSK
2653,QPSK
2654,8PSK
2655,QPSK
2656,8PSK
2657,QPSK
2658,QPSK
2659,8PSK
2660,8PSK
2661,QPSK
2662,QPSK
2663,QPSK
2664,QPSK
2665,8PSK
2666,QPSK
2667,QPSK
2668,8PSK
2669,QPSK
2670,QPSK
2671,8PSK
2672,QPSK
2673,8PSK
2674,8PSK
2675,QPSK
2676,8PSK
2677,QPSK
2678,QPSK
2679,QPSK
2680,8PSK
2681,QPSK
2682,QPSK
2683,QPSK
2684,8PSK
2685,QPSK
2686,QPSK
2687,8PSK
2688,QPSK
2689,QPSK
2690,QPSK
2691,QPSK
2692,QPSK
2693,8PSK
2694,QPSK
2695,QPSK
2696,QPSK
2697,QPSK
2698,QPSK
2699,QPSK
2700,QPSK
2701,QPSK
2702,QPSK
2703,8PSK
2704,QPSK
2705,QPSK
2706,8PSK
2707,8PSK
2708,QPSK
2709,QPSK
2710,QPSK
2711,8PSK
2712,QPSK
2713,QPSK
2714,QPSK
2715,QPSK
2716,8PSK
2717,8PSK
2718,QPSK
2719,QPSK
2720,8PSK
2721,QPSK
2722,QPSK
2723,QPSK
2724,8PSK
2725,8PSK
2726,8PSK
2727,QPSK
2728,QPSK
2729,QPSK
2730,8PSK
2731,QPSK
2732,8PSK
2733,QPSK
2734,8PSK
2735,QPSK
2736,8PSK
2737,8PSK
2738,8PSK
2739,QPSK
2740,QPSK
2741,QPSK
2742,QPSK
2743,QPSK
2744,QPSK
2745,QPSK
2746,QPSK
2747,QPSK
2748,QPSK
2749,QPSK
2750,QPSK
2751,QPSK
2752,8PSK
2753,QPSK
2754,QPSK
2755,8PSK
2756,QPSK
2757,QPSK
2758,8PSK
2759,QPSK
2760,QPSK
2761,QPSK
2762,QPSK
2763,QPSK
2764,QPSK
2765,QPSK
2766,8PSK
2767,QPSK
2768,QPSK
2769,QPSK
2770,QPSK
2771,8PSK
2772,QPSK
2773,8PSK
2774,QPSK
2775,QPSK
2776,QPSK
2777,8PSK
2778,8PSK
2779,QPSK
2780,QPSK
2781,QPSK
2782,QPSK
2783,8PSK
2784,8PSK
2785,QPSK
2786,QPSK
2787,8PSK
2788,QPSK
2789,QPSK
2790,QPSK
2791,8PSK
2792,8PSK
2793,QPSK
2794,QPSK
2795,QPSK
2796,8PSK
2797,QPSK
2798,QPSK
2799,8PSK
2800,QPSK
2801,QPSK
2802,QPSK
2803,8PSK
2804,QPSK
2805,QPSK
2806,QPSK
2807,8PSK
2808,QPSK
2809,8PSK
2810,QPSK
2811,QPSK
2812,QPSK
2813,QPSK
2814,8PSK
2815,QPSK
2816,QPSK
2817,QPSK
2818,QPSK
2819,8PSK
2820,QPSK
2821,QPSK
2822,8PSK
2823,8PSK
2824,8PSK
2825,QPSK
2826,QPSK
2827,QPSK
2828,QPSK
2829,8PSK
2830,QPSK
2831,8PSK
2832,8PSK
2833,QPSK
2834,8PSK
2835,QPSK
2836,8PSK
2837,QPSK
2838,QPSK
2839,QPSK
2840,QPSK
2841,8PSK
2842,QPSK
2843,8PSK
2844,QPSK
2845,8PSK
2846,QPSK
2847,QPSK
2848,QPSK
2849,8PSK
2850,QPSK
2851,8PSK
2852,8PSK
2853,QPSK
2854,QPSK
2855,QPSK
2856,QPSK
2857,QPSK
2858,QPSK
2859,QPSK
2860,QPSK
2861,QPSK
2862,QPSK
2863,QPSK
2864,QPSK
2865,8PSK
2866,QPSK
2867,8PSK
2868,QPSK
2869,QPSK
2870,QPSK
2871,8PSK
2872,8PSK
2873,8PSK
2874,QPSK
2875,8PSK
2876,8PSK
2877,QPSK
2878,QPSK
2879,QPSK
2880,QPSK
2881,QPSK
2882,QPSK
2883,QPSK
2884,QPSK
2885,QPSK
2886,8PSK
2887,8PSK
2888,QPSK
2889,8PSK
2890,8PSK
2891,QPSK
2892,QPSK
2893,QPSK
2894,QPSK
2895,QPSK
2896,QPSK
2897,8PSK
2898,QPSK
2899,8PSK
2900,QPSK
2901,QPSK
2902,QPSK
2903,QPSK
2904,QPSK
2905,QPSK
2906,QPSK
2907,QPSK
2908,QPSK
2909,QPSK
2910,QPSK
2911,8PSK
2912,QPSK
2913,QPSK
2914,8PSK
2915,8PSK
2916,QPSK
2917,QPSK
2918,8PSK
2919,8PSK
2920,QPSK
2921,8PSK
2922,QPSK
2923,8PSK
2924,QPSK
2925,8PSK
2926,QPSK
2927,8PSK
2928,QPSK
2929,QPSK
2930,QPSK
2931,QPSK
2932,QPSK
2933,QPSK
2934,8PSK
2935,QPSK
2936,8PSK
2937,8PSK
2938,QPSK
2939,8PSK
2940,QPSK
2941,QPSK
2942,QPSK
2943,QPSK
2944,QPSK
2945,QPSK
2946,QPSK
2947,QPSK
2948,QPSK
2949,QPSK
2950,QPSK
2951,8PSK
2952,QPSK
2953,QPSK
2954,8PSK
2955,8PSK
2956,QPSK
2957,8PSK
2958,8PSK
2959,QPSK
2960,QPSK
2961,QPSK
2962,8PSK
2963,QPSK
2964,8PSK
2965,QPSK
2966,8PSK
2967,8PSK
2968,8PSK
2969,QPSK
2970,QPSK
2971,QPSK
2972,8PSK
2973,8PSK
2974,QPSK
2975,QPSK
2976,8PSK
2977,QPSK
2978,QPSK
2979,QPSK
2980,8PSK
2981,QPSK
2982,8PSK
2983,QPSK
2984,8PSK
2985,QPSK
2986,QPSK
2987,QPSK
2988,QPSK
2989,8PSK
2990,8PSK
2991,8PSK
2992,8PSK
2993,8PSK
2994,QPSK
2995,8PSK
2996,QPSK
2997,QPSK
2998,QPSK
2999,QPSK
