ID,MODULATION
0,8PSK
1,CPFSK
2,GFSK
3,CPFSK
4,QPSK
5,BPSK
6,BPSK
7,QPSK
8,GFSK
9,CPFSK
10,8PSK
11,QPSK
12,BPSK
13,QPSK
14,BPSK
15,GFSK
16,8PSK
17,QPSK
18,CPFSK
19,8PSK
20,8PSK
21,QPSK
22,QPSK
23,GFSK
24,QPSK
25,CPFSK
26,8PSK
27,8PSK
28,BPSK
29,CPFSK
30,BPSK
31,QPSK
32,8PSK
33,GFSK
34,CPFSK
35,GFSK
36,QPSK
37,BPSK
38,CPFSK
39,QPSK
40,CPFSK
41,QPSK
42,CPFSK
43,GFSK
44,BPSK
45,GFSK
46,QPSK
47,QPSK
48,8PSK
49,GFSK
50,BPSK
51,8PSK
52,8PSK
53,8PSK
54,8PSK
55,8PSK
56,QPSK
57,QPSK
58,QPSK
59,8PSK
60,QPSK
61,CPFSK
62,CPFSK
63,CPFSK
64,GFSK
65,8PSK
66,CPFSK
67,8PSK
68,BPSK
69,CPFSK
70,GFSK
71,GFSK
72,QPSK
73,GFSK
74,BPSK
75,8PSK
76,QPSK
77,8PSK
78,GFSK
79,QPSK
80,BPSK
81,QPSK
82,8PSK
83,QPSK
84,CPFSK
85,QPSK
86,QPSK
87,CPFSK
88,GFSK
89,BPSK
90,CPFSK
91,BPSK
92,QPSK
93,QPSK
94,QPSK
95,8PSK
96,GFSK
97,QPSK
98,CPFSK
99,GFSK
100,GFSK
101,QPSK
102,GFSK
103,QPSK
104,BPSK
105,CPFSK
106,QPSK
107,8PSK
108,CPFSK
109,CPFSK
110,BPSK
111,CPFSK
112,BPSK
113,CPFSK
114,8PSK
115,BPSK
116,QPSK
117,BPSK
118,CPFSK
119,BPSK
120,BPSK
121,GFSK
122,BPSK
123,QPSK
124,GFSK
125,QPSK
126,CPFSK
127,GFSK
128,8PSK
129,QPSK
130,CPFSK
131,BPSK
132,8PSK
133,BPSK
134,BPSK
135,QPSK
136,CPFSK
137,GFSK
138,QPSK
139,8PSK
140,8PSK
141,GFSK
142,8PSK
143,QPSK
144,QPSK
145,QPSK
146,8PSK
147,8PSK
148,BPSK
149,CPFSK
150,BPSK
151,CPFSK
152,BPSK
153,GFSK
154,8PSK
155,GFSK
156,CPFSK
157,GFSK
158,QPSK
159,8PSK
160,8PSK
161,QPSK
162,CPFSK
163,BPSK
164,BPSK
165,BPSK
166,QPSK
167,GFSK
168,8PSK
169,QPSK
170,QPSK
171,BPSK
172,GFSK
173,CPFSK
174,BPSK
175,CPFSK
176,GFSK
177,CPFSK
178,8PSK
179,8PSK
180,GFSK
181,QPSK
182,8PSK
183,QPSK
184,QPSK
185,QPSK
186,CPFSK
187,BPSK
188,QPSK
189,CPFSK
190,8PSK
191,8PSK
192,QPSK
193,8PSK
194,CPFSK
195,8PSK
196,GFSK
197,GFSK
198,CPFSK
199,CPFSK
200,QPSK
201,BPSK
202,GFSK
203,QPSK
204,QPSK
205,CPFSK
206,8PSK
207,8PSK
208,GFSK
209,CPFSK
210,CPFSK
211,CPFSK
212,QPSK
213,8PSK
214,BPSK
215,BPSK
216,GFSK
217,GFSK
218,GFSK
219,8PSK
220,8PSK
221,QPSK
222,BPSK
223,QPSK
224,CPFSK
225,BPSK
226,QPSK
227,GFSK
228,8PSK
229,QPSK
230,CPFSK
231,QPSK
232,BPSK
233,CPFSK
234,QPSK
235,8PSK
236,8PSK
237,8PSK
238,GFSK
239,BPSK
240,CPFSK
241,GFSK
242,QPSK
243,BPSK
244,8PSK
245,BPSK
246,8PSK
247,8PSK
248,CPFSK
249,8PSK
250,BPSK
251,QPSK
252,QPSK
253,GFSK
254,GFSK
255,QPSK
256,CPFSK
257,CPFSK
258,GFSK
259,GFSK
260,QPSK
261,CPFSK
262,GFSK
263,GFSK
264,CPFSK
265,GFSK
266,8PSK
267,GFSK
268,QPSK
269,CPFSK
270,CPFSK
271,GFSK
272,CPFSK
273,BPSK
274,CPFSK
275,CPFSK
276,CPFSK
277,8PSK
278,GFSK
279,8PSK
280,CPFSK
281,CPFSK
282,CPFSK
283,8PSK
284,CPFSK
285,CPFSK
286,QPSK
287,BPSK
288,8PSK
289,BPSK
290,GFSK
291,GFSK
292,8PSK
293,BPSK
294,CPFSK
295,8PSK
296,BPSK
297,8PSK
298,8PSK
299,8PSK
300,QPSK
301,GFSK
302,8PSK
303,GFSK
304,GFSK
305,QPSK
306,GFSK
307,BPSK
308,CPFSK
309,CPFSK
310,GFSK
311,CPFSK
312,GFSK
313,8PSK
314,8PSK
315,CPFSK
316,8PSK
317,CPFSK
318,8PSK
319,8PSK
320,8PSK
321,BPSK
322,CPFSK
323,BPSK
324,8PSK
325,CPFSK
326,BPSK
327,8PSK
328,GFSK
329,BPSK
330,QPSK
331,GFSK
332,8PSK
333,GFSK
334,8PSK
335,8PSK
336,GFSK
337,BPSK
338,GFSK
339,8PSK
340,QPSK
341,BPSK
342,8PSK
343,8PSK
344,CPFSK
345,CPFSK
346,QPSK
347,CPFSK
348,8PSK
349,QPSK
350,GFSK
351,GFSK
352,CPFSK
353,QPSK
354,CPFSK
355,CPFSK
356,GFSK
357,8PSK
358,QPSK
359,8PSK
360,CPFSK
361,CPFSK
362,GFSK
363,GFSK
364,GFSK
365,GFSK
366,QPSK
367,CPFSK
368,BPSK
369,GFSK
370,QPSK
371,GFSK
372,QPSK
373,QPSK
374,8PSK
375,8PSK
376,QPSK
377,8PSK
378,GFSK
379,GFSK
380,8PSK
381,BPSK
382,GFSK
383,BPSK
384,8PSK
385,BPSK
386,QPSK
387,8PSK
388,GFSK
389,GFSK
390,GFSK
391,8PSK
392,8PSK
393,QPSK
394,CPFSK
395,BPSK
396,8PSK
397,QPSK
398,BPSK
399,8PSK
400,BPSK
401,CPFSK
402,GFSK
403,BPSK
404,CPFSK
405,BPSK
406,8PSK
407,QPSK
408,CPFSK
409,GFSK
410,QPSK
411,QPSK
412,CPFSK
413,GFSK
414,BPSK
415,BPSK
416,GFSK
417,GFSK
418,CPFSK
419,CPFSK
420,QPSK
421,GFSK
422,8PSK
423,CPFSK
424,GFSK
425,8PSK
426,8PSK
427,8PSK
428,BPSK
429,8PSK
430,GFSK
431,QPSK
432,GFSK
433,QPSK
434,CPFSK
435,8PSK
436,GFSK
437,QPSK
438,GFSK
439,GFSK
440,CPFSK
441,GFSK
442,CPFSK
443,CPFSK
444,CPFSK
445,GFSK
446,8PSK
447,CPFSK
448,8PSK
449,BPSK
450,QPSK
451,QPSK
452,CPFSK
453,CPFSK
454,8PSK
455,8PSK
456,QPSK
457,CPFSK
458,CPFSK
459,CPFSK
460,QPSK
461,8PSK
462,CPFSK
463,QPSK
464,BPSK
465,CPFSK
466,8PSK
467,CPFSK
468,GFSK
469,QPSK
470,GFSK
471,CPFSK
472,CPFSK
473,GFSK
474,CPFSK
475,QPSK
476,QPSK
477,QPSK
478,GFSK
479,BPSK
480,8PSK
481,CPFSK
482,GFSK
483,8PSK
484,8PSK
485,QPSK
486,CPFSK
487,CPFSK
488,8PSK
489,CPFSK
490,CPFSK
491,GFSK
492,QPSK
493,8PSK
494,CPFSK
495,CPFSK
496,CPFSK
497,GFSK
498,QPSK
499,8PSK
500,CPFSK
501,BPSK
502,GFSK
503,BPSK
504,8PSK
505,CPFSK
506,8PSK
507,CPFSK
508,QPSK
509,GFSK
510,BPSK
511,BPSK
512,8PSK
513,QPSK
514,BPSK
515,8PSK
516,8PSK
517,QPSK
518,QPSK
519,BPSK
520,8PSK
521,CPFSK
522,BPSK
523,BPSK
524,CPFSK
525,CPFSK
526,8PSK
527,CPFSK
528,CPFSK
529,QPSK
530,GFSK
531,GFSK
532,8PSK
533,GFSK
534,CPFSK
535,BPSK
536,8PSK
537,CPFSK
538,BPSK
539,8PSK
540,8PSK
541,GFSK
542,QPSK
543,QPSK
544,CPFSK
545,GFSK
546,CPFSK
547,GFSK
548,8PSK
549,GFSK
550,CPFSK
551,CPFSK
552,QPSK
553,QPSK
554,CPFSK
555,QPSK
556,GFSK
557,QPSK
558,GFSK
559,8PSK
560,QPSK
561,GFSK
562,QPSK
563,BPSK
564,CPFSK
565,QPSK
566,GFSK
567,QPSK
568,GFSK
569,CPFSK
570,CPFSK
571,8PSK
572,BPSK
573,CPFSK
574,QPSK
575,CPFSK
576,8PSK
577,CPFSK
578,GFSK
579,8PSK
580,8PSK
581,8PSK
582,QPSK
583,CPFSK
584,CPFSK
585,CPFSK
586,GFSK
587,GFSK
588,BPSK
589,GFSK
590,BPSK
591,8PSK
592,CPFSK
593,QPSK
594,8PSK
595,GFSK
596,8PSK
597,GFSK
598,GFSK
599,BPSK
600,GFSK
601,BPSK
602,QPSK
603,BPSK
604,8PSK
605,QPSK
606,8PSK
607,CPFSK
608,CPFSK
609,GFSK
610,8PSK
611,BPSK
612,CPFSK
613,CPFSK
614,CPFSK
615,QPSK
616,CPFSK
617,QPSK
618,QPSK
619,GFSK
620,BPSK
621,BPSK
622,BPSK
623,QPSK
624,8PSK
625,GFSK
626,8PSK
627,GFSK
628,GFSK
629,QPSK
630,BPSK
631,CPFSK
632,QPSK
633,CPFSK
634,CPFSK
635,QPSK
636,8PSK
637,BPSK
638,8PSK
639,8PSK
640,GFSK
641,CPFSK
642,8PSK
643,GFSK
644,BPSK
645,GFSK
646,BPSK
647,GFSK
648,CPFSK
649,QPSK
650,GFSK
651,CPFSK
652,CPFSK
653,CPFSK
654,CPFSK
655,8PSK
656,GFSK
657,QPSK
658,GFSK
659,QPSK
660,QPSK
661,8PSK
662,QPSK
663,8PSK
664,CPFSK
665,BPSK
666,8PSK
667,GFSK
668,8PSK
669,CPFSK
670,CPFSK
671,QPSK
672,GFSK
673,BPSK
674,QPSK
675,GFSK
676,BPSK
677,CPFSK
678,CPFSK
679,QPSK
680,8PSK
681,8PSK
682,CPFSK
683,8PSK
684,CPFSK
685,CPFSK
686,QPSK
687,BPSK
688,8PSK
689,QPSK
690,8PSK
691,QPSK
692,CPFSK
693,BPSK
694,GFSK
695,8PSK
696,8PSK
697,GFSK
698,QPSK
699,GFSK
700,BPSK
701,QPSK
702,GFSK
703,8PSK
704,GFSK
705,CPFSK
706,CPFSK
707,GFSK
708,GFSK
709,GFSK
710,BPSK
711,BPSK
712,BPSK
713,GFSK
714,BPSK
715,QPSK
716,GFSK
717,GFSK
718,QPSK
719,8PSK
720,GFSK
721,CPFSK
722,CPFSK
723,BPSK
724,QPSK
725,CPFSK
726,QPSK
727,QPSK
728,GFSK
729,CPFSK
730,8PSK
731,8PSK
732,CPFSK
733,CPFSK
734,GFSK
735,8PSK
736,GFSK
737,BPSK
738,QPSK
739,8PSK
740,CPFSK
741,QPSK
742,GFSK
743,BPSK
744,GFSK
745,QPSK
746,GFSK
747,QPSK
748,GFSK
749,QPSK
750,QPSK
751,CPFSK
752,BPSK
753,CPFSK
754,8PSK
755,BPSK
756,CPFSK
757,CPFSK
758,QPSK
759,CPFSK
760,8PSK
761,QPSK
762,CPFSK
763,GFSK
764,BPSK
765,GFSK
766,CPFSK
767,BPSK
768,GFSK
769,QPSK
770,BPSK
771,CPFSK
772,8PSK
773,QPSK
774,GFSK
775,CPFSK
776,QPSK
777,GFSK
778,BPSK
779,8PSK
780,GFSK
781,8PSK
782,CPFSK
783,CPFSK
784,8PSK
785,QPSK
786,CPFSK
787,BPSK
788,BPSK
789,8PSK
790,QPSK
791,BPSK
792,GFSK
793,CPFSK
794,BPSK
795,8PSK
796,BPSK
797,CPFSK
798,QPSK
799,8PSK
800,CPFSK
801,GFSK
802,QPSK
803,8PSK
804,8PSK
805,GFSK
806,CPFSK
807,GFSK
808,QPSK
809,8PSK
810,CPFSK
811,CPFSK
812,BPSK
813,QPSK
814,QPSK
815,GFSK
816,CPFSK
817,8PSK
818,QPSK
819,GFSK
820,CPFSK
821,QPSK
822,QPSK
823,GFSK
824,GFSK
825,BPSK
826,QPSK
827,BPSK
828,8PSK
829,CPFSK
830,BPSK
831,GFSK
832,8PSK
833,CPFSK
834,BPSK
835,QPSK
836,QPSK
837,CPFSK
838,GFSK
839,CPFSK
840,CPFSK
841,CPFSK
842,GFSK
843,QPSK
844,8PSK
845,BPSK
846,CPFSK
847,CPFSK
848,BPSK
849,CPFSK
850,CPFSK
851,QPSK
852,QPSK
853,BPSK
854,QPSK
855,QPSK
856,QPSK
857,GFSK
858,8PSK
859,8PSK
860,GFSK
861,QPSK
862,QPSK
863,8PSK
864,8PSK
865,CPFSK
866,8PSK
867,CPFSK
868,GFSK
869,QPSK
870,CPFSK
871,QPSK
872,GFSK
873,BPSK
874,QPSK
875,GFSK
876,QPSK
877,BPSK
878,BPSK
879,CPFSK
880,BPSK
881,8PSK
882,GFSK
883,GFSK
884,BPSK
885,QPSK
886,8PSK
887,QPSK
888,CPFSK
889,GFSK
890,GFSK
891,8PSK
892,QPSK
893,BPSK
894,GFSK
895,CPFSK
896,BPSK
897,8PSK
898,GFSK
899,QPSK
900,CPFSK
901,CPFSK
902,QPSK
903,GFSK
904,BPSK
905,8PSK
906,8PSK
907,QPSK
908,8PSK
909,BPSK
910,QPSK
911,BPSK
912,CPFSK
913,QPSK
914,CPFSK
915,BPSK
916,8PSK
917,CPFSK
918,GFSK
919,GFSK
920,QPSK
921,GFSK
922,QPSK
923,GFSK
924,8PSK
925,BPSK
926,BPSK
927,BPSK
928,CPFSK
929,8PSK
930,GFSK
931,GFSK
932,8PSK
933,CPFSK
934,CPFSK
935,GFSK
936,8PSK
937,BPSK
938,GFSK
939,GFSK
940,CPFSK
941,GFSK
942,CPFSK
943,QPSK
944,QPSK
945,QPSK
946,BPSK
947,QPSK
948,QPSK
949,8PSK
950,BPSK
951,8PSK
952,8PSK
953,CPFSK
954,GFSK
955,QPSK
956,QPSK
957,8PSK
958,8PSK
959,QPSK
960,GFSK
961,8PSK
962,QPSK
963,BPSK
964,CPFSK
965,8PSK
966,8PSK
967,GFSK
968,QPSK
969,GFSK
970,CPFSK
971,GFSK
972,GFSK
973,8PSK
974,GFSK
975,8PSK
976,CPFSK
977,QPSK
978,CPFSK
979,QPSK
980,BPSK
981,GFSK
982,GFSK
983,8PSK
984,8PSK
985,CPFSK
986,8PSK
987,BPSK
988,CPFSK
989,CPFSK
990,GFSK
991,8PSK
992,GFSK
993,BPSK
994,GFSK
995,BPSK
996,QPSK
997,BPSK
998,QPSK
999,GFSK
1000,GFSK
1001,8PSK
1002,QPSK
1003,BPSK
1004,BPSK
1005,CPFSK
1006,QPSK
1007,BPSK
1008,QPSK
1009,8PSK
1010,GFSK
1011,BPSK
1012,QPSK
1013,8PSK
1014,8PSK
1015,CPFSK
1016,8PSK
1017,CPFSK
1018,BPSK
1019,QPSK
1020,GFSK
1021,GFSK
1022,GFSK
1023,CPFSK
1024,8PSK
1025,CPFSK
1026,BPSK
1027,GFSK
1028,8PSK
1029,QPSK
1030,QPSK
1031,8PSK
1032,8PSK
1033,BPSK
1034,QPSK
1035,BPSK
1036,GFSK
1037,BPSK
1038,CPFSK
1039,8PSK
1040,QPSK
1041,8PSK
1042,8PSK
1043,CPFSK
1044,BPSK
1045,8PSK
1046,8PSK
1047,QPSK
1048,8PSK
1049,QPSK
1050,8PSK
1051,GFSK
1052,CPFSK
1053,8PSK
1054,CPFSK
1055,GFSK
1056,BPSK
1057,CPFSK
1058,QPSK
1059,8PSK
1060,CPFSK
1061,QPSK
1062,GFSK
1063,QPSK
1064,QPSK
1065,GFSK
1066,QPSK
1067,8PSK
1068,QPSK
1069,8PSK
1070,CPFSK
1071,BPSK
1072,CPFSK
1073,CPFSK
1074,BPSK
1075,8PSK
1076,QPSK
1077,8PSK
1078,8PSK
1079,GFSK
1080,CPFSK
1081,QPSK
1082,CPFSK
1083,CPFSK
1084,CPFSK
1085,QPSK
1086,8PSK
1087,GFSK
1088,8PSK
1089,QPSK
1090,QPSK
1091,QPSK
1092,CPFSK
1093,CPFSK
1094,8PSK
1095,QPSK
1096,QPSK
1097,QPSK
1098,8PSK
1099,8PSK
1100,CPFSK
1101,CPFSK
1102,8PSK
1103,QPSK
1104,QPSK
1105,QPSK
1106,GFSK
1107,GFSK
1108,CPFSK
1109,8PSK
1110,8PSK
1111,8PSK
1112,CPFSK
1113,QPSK
1114,8PSK
1115,BPSK
1116,GFSK
1117,BPSK
1118,CPFSK
1119,GFSK
1120,8PSK
1121,8PSK
1122,GFSK
1123,CPFSK
1124,BPSK
1125,8PSK
1126,CPFSK
1127,BPSK
1128,BPSK
1129,BPSK
1130,CPFSK
1131,8PSK
1132,8PSK
1133,BPSK
1134,BPSK
1135,BPSK
1136,GFSK
1137,GFSK
1138,CPFSK
1139,QPSK
1140,8PSK
1141,BPSK
1142,GFSK
1143,CPFSK
1144,GFSK
1145,QPSK
1146,CPFSK
1147,BPSK
1148,QPSK
1149,GFSK
1150,CPFSK
1151,QPSK
1152,GFSK
1153,CPFSK
1154,GFSK
1155,8PSK
1156,GFSK
1157,CPFSK
1158,GFSK
1159,CPFSK
1160,8PSK
1161,GFSK
1162,BPSK
1163,QPSK
1164,BPSK
1165,CPFSK
1166,GFSK
1167,CPFSK
1168,8PSK
1169,QPSK
1170,BPSK
1171,BPSK
1172,CPFSK
1173,CPFSK
1174,CPFSK
1175,8PSK
1176,GFSK
1177,QPSK
1178,QPSK
1179,BPSK
1180,GFSK
1181,CPFSK
1182,GFSK
1183,QPSK
1184,CPFSK
1185,CPFSK
1186,CPFSK
1187,GFSK
1188,CPFSK
1189,QPSK
1190,8PSK
1191,BPSK
1192,QPSK
1193,GFSK
1194,8PSK
1195,BPSK
1196,QPSK
1197,CPFSK
1198,CPFSK
1199,GFSK
1200,BPSK
1201,CPFSK
1202,CPFSK
1203,CPFSK
1204,QPSK
1205,GFSK
1206,GFSK
1207,CPFSK
1208,8PSK
1209,BPSK
1210,CPFSK
1211,8PSK
1212,BPSK
1213,8PSK
1214,8PSK
1215,QPSK
1216,BPSK
1217,CPFSK
1218,8PSK
1219,QPSK
1220,CPFSK
1221,8PSK
1222,CPFSK
1223,GFSK
1224,GFSK
1225,8PSK
1226,GFSK
1227,CPFSK
1228,QPSK
1229,CPFSK
1230,QPSK
1231,CPFSK
1232,BPSK
1233,CPFSK
1234,BPSK
1235,BPSK
1236,BPSK
1237,8PSK
1238,8PSK
1239,QPSK
1240,8PSK
1241,QPSK
1242,QPSK
1243,8PSK
1244,GFSK
1245,8PSK
1246,BPSK
1247,GFSK
1248,BPSK
1249,QPSK
1250,8PSK
1251,8PSK
1252,GFSK
1253,8PSK
1254,BPSK
1255,BPSK
1256,QPSK
1257,GFSK
1258,CPFSK
1259,QPSK
1260,GFSK
1261,BPSK
1262,GFSK
1263,8PSK
1264,GFSK
1265,GFSK
1266,8PSK
1267,GFSK
1268,CPFSK
1269,QPSK
1270,GFSK
1271,CPFSK
1272,QPSK
1273,BPSK
1274,GFSK
1275,CPFSK
1276,QPSK
1277,CPFSK
1278,8PSK
1279,8PSK
1280,CPFSK
1281,CPFSK
1282,8PSK
1283,CPFSK
1284,GFSK
1285,QPSK
1286,8PSK
1287,8PSK
1288,8PSK
1289,CPFSK
1290,CPFSK
1291,CPFSK
1292,GFSK
1293,QPSK
1294,CPFSK
1295,QPSK
1296,8PSK
1297,GFSK
1298,CPFSK
1299,QPSK
1300,BPSK
1301,CPFSK
1302,8PSK
1303,GFSK
1304,CPFSK
1305,CPFSK
1306,GFSK
1307,8PSK
1308,8PSK
1309,QPSK
1310,GFSK
1311,BPSK
1312,8PSK
1313,8PSK
1314,GFSK
1315,8PSK
1316,QPSK
1317,QPSK
1318,8PSK
1319,CPFSK
1320,GFSK
1321,8PSK
1322,GFSK
1323,QPSK
1324,8PSK
1325,8PSK
1326,GFSK
1327,8PSK
1328,BPSK
1329,QPSK
1330,QPSK
1331,CPFSK
1332,QPSK
1333,CPFSK
1334,CPFSK
1335,GFSK
1336,BPSK
1337,CPFSK
1338,8PSK
1339,BPSK
1340,BPSK
1341,CPFSK
1342,CPFSK
1343,GFSK
1344,8PSK
1345,8PSK
1346,GFSK
1347,GFSK
1348,QPSK
1349,QPSK
1350,BPSK
1351,8PSK
1352,GFSK
1353,BPSK
1354,CPFSK
1355,BPSK
1356,CPFSK
1357,CPFSK
1358,GFSK
1359,BPSK
1360,GFSK
1361,GFSK
1362,8PSK
1363,QPSK
1364,BPSK
1365,BPSK
1366,GFSK
1367,QPSK
1368,8PSK
1369,QPSK
1370,QPSK
1371,8PSK
1372,GFSK
1373,GFSK
1374,8PSK
1375,GFSK
1376,CPFSK
1377,CPFSK
1378,CPFSK
1379,8PSK
1380,CPFSK
1381,GFSK
1382,QPSK
1383,QPSK
1384,CPFSK
1385,BPSK
1386,8PSK
1387,BPSK
1388,GFSK
1389,QPSK
1390,BPSK
1391,QPSK
1392,GFSK
1393,QPSK
1394,GFSK
1395,GFSK
1396,CPFSK
1397,8PSK
1398,8PSK
1399,CPFSK
1400,QPSK
1401,8PSK
1402,QPSK
1403,CPFSK
1404,BPSK
1405,8PSK
1406,8PSK
1407,8PSK
1408,BPSK
1409,CPFSK
1410,CPFSK
1411,GFSK
1412,QPSK
1413,CPFSK
1414,GFSK
1415,CPFSK
1416,GFSK
1417,GFSK
1418,GFSK
1419,CPFSK
1420,8PSK
1421,QPSK
1422,CPFSK
1423,CPFSK
1424,QPSK
1425,GFSK
1426,CPFSK
1427,QPSK
1428,GFSK
1429,BPSK
1430,GFSK
1431,CPFSK
1432,8PSK
1433,CPFSK
1434,CPFSK
1435,GFSK
1436,CPFSK
1437,QPSK
1438,GFSK
1439,QPSK
1440,CPFSK
1441,8PSK
1442,CPFSK
1443,QPSK
1444,8PSK
1445,CPFSK
1446,CPFSK
1447,QPSK
1448,BPSK
1449,8PSK
1450,CPFSK
1451,BPSK
1452,QPSK
1453,QPSK
1454,QPSK
1455,CPFSK
1456,GFSK
1457,CPFSK
1458,GFSK
1459,BPSK
1460,GFSK
1461,GFSK
1462,BPSK
1463,QPSK
1464,GFSK
1465,GFSK
1466,8PSK
1467,CPFSK
1468,8PSK
1469,GFSK
1470,8PSK
1471,BPSK
1472,8PSK
1473,GFSK
1474,QPSK
1475,BPSK
1476,8PSK
1477,8PSK
1478,GFSK
1479,QPSK
1480,CPFSK
1481,BPSK
1482,QPSK
1483,CPFSK
1484,BPSK
1485,BPSK
1486,8PSK
1487,GFSK
1488,BPSK
1489,GFSK
1490,GFSK
1491,8PSK
1492,CPFSK
1493,CPFSK
1494,QPSK
1495,8PSK
1496,BPSK
1497,BPSK
1498,BPSK
1499,QPSK
1500,GFSK
1501,CPFSK
1502,8PSK
1503,QPSK
1504,8PSK
1505,QPSK
1506,QPSK
1507,GFSK
1508,8PSK
1509,8PSK
1510,QPSK
1511,8PSK
1512,QPSK
1513,CPFSK
1514,CPFSK
1515,QPSK
1516,8PSK
1517,QPSK
1518,GFSK
1519,GFSK
1520,8PSK
1521,8PSK
1522,QPSK
1523,8PSK
1524,QPSK
1525,QPSK
1526,CPFSK
1527,QPSK
1528,8PSK
1529,8PSK
1530,8PSK
1531,CPFSK
1532,CPFSK
1533,CPFSK
1534,8PSK
1535,QPSK
1536,QPSK
1537,GFSK
1538,BPSK
1539,8PSK
1540,8PSK
1541,CPFSK
1542,GFSK
1543,8PSK
1544,BPSK
1545,8PSK
1546,GFSK
1547,GFSK
1548,GFSK
1549,BPSK
1550,QPSK
1551,CPFSK
1552,8PSK
1553,GFSK
1554,BPSK
1555,BPSK
1556,QPSK
1557,8PSK
1558,BPSK
1559,QPSK
1560,CPFSK
1561,GFSK
1562,QPSK
1563,8PSK
1564,BPSK
1565,QPSK
1566,8PSK
1567,CPFSK
1568,QPSK
1569,QPSK
1570,8PSK
1571,QPSK
1572,QPSK
1573,GFSK
1574,BPSK
1575,8PSK
1576,8PSK
1577,8PSK
1578,QPSK
1579,GFSK
1580,GFSK
1581,8PSK
1582,8PSK
1583,CPFSK
1584,GFSK
1585,CPFSK
1586,QPSK
1587,8PSK
1588,QPSK
1589,CPFSK
1590,QPSK
1591,GFSK
1592,CPFSK
1593,CPFSK
1594,BPSK
1595,GFSK
1596,CPFSK
1597,8PSK
1598,8PSK
1599,8PSK
1600,GFSK
1601,BPSK
1602,QPSK
1603,CPFSK
1604,8PSK
1605,CPFSK
1606,8PSK
1607,GFSK
1608,GFSK
1609,8PSK
1610,BPSK
1611,BPSK
1612,BPSK
1613,GFSK
1614,8PSK
1615,8PSK
1616,CPFSK
1617,GFSK
1618,8PSK
1619,CPFSK
1620,BPSK
1621,QPSK
1622,BPSK
1623,QPSK
1624,CPFSK
1625,8PSK
1626,CPFSK
1627,CPFSK
1628,QPSK
1629,QPSK
1630,GFSK
1631,GFSK
1632,BPSK
1633,QPSK
1634,GFSK
1635,8PSK
1636,GFSK
1637,CPFSK
1638,CPFSK
1639,BPSK
1640,CPFSK
1641,BPSK
1642,QPSK
1643,8PSK
1644,GFSK
1645,CPFSK
1646,8PSK
1647,BPSK
1648,GFSK
1649,GFSK
1650,QPSK
1651,BPSK
1652,CPFSK
1653,CPFSK
1654,BPSK
1655,CPFSK
1656,CPFSK
1657,CPFSK
1658,GFSK
1659,CPFSK
1660,CPFSK
1661,QPSK
1662,CPFSK
1663,GFSK
1664,CPFSK
1665,CPFSK
1666,8PSK
1667,GFSK
1668,GFSK
1669,CPFSK
1670,8PSK
1671,8PSK
1672,QPSK
1673,CPFSK
1674,GFSK
1675,BPSK
1676,QPSK
1677,8PSK
1678,BPSK
1679,GFSK
1680,8PSK
1681,GFSK
1682,GFSK
1683,GFSK
1684,8PSK
1685,QPSK
1686,CPFSK
1687,GFSK
1688,QPSK
1689,GFSK
1690,QPSK
1691,8PSK
1692,GFSK
1693,BPSK
1694,BPSK
1695,8PSK
1696,CPFSK
1697,GFSK
1698,CPFSK
1699,BPSK
1700,CPFSK
1701,CPFSK
1702,QPSK
1703,CPFSK
1704,8PSK
1705,QPSK
1706,CPFSK
1707,BPSK
1708,BPSK
1709,8PSK
1710,GFSK
1711,QPSK
1712,8PSK
1713,GFSK
1714,BPSK
1715,8PSK
1716,8PSK
1717,8PSK
1718,CPFSK
1719,QPSK
1720,8PSK
1721,BPSK
1722,CPFSK
1723,CPFSK
1724,QPSK
1725,BPSK
1726,BPSK
1727,8PSK
1728,GFSK
1729,8PSK
1730,8PSK
1731,CPFSK
1732,GFSK
1733,QPSK
1734,QPSK
1735,8PSK
1736,8PSK
1737,GFSK
1738,QPSK
1739,CPFSK
1740,QPSK
1741,8PSK
1742,CPFSK
1743,BPSK
1744,CPFSK
1745,8PSK
1746,QPSK
1747,8PSK
1748,QPSK
1749,8PSK
1750,8PSK
1751,QPSK
1752,CPFSK
1753,8PSK
1754,8PSK
1755,CPFSK
1756,8PSK
1757,8PSK
1758,8PSK
1759,GFSK
1760,BPSK
1761,8PSK
1762,GFSK
1763,8PSK
1764,CPFSK
1765,8PSK
1766,GFSK
1767,8PSK
1768,QPSK
1769,BPSK
1770,8PSK
1771,GFSK
1772,BPSK
1773,8PSK
1774,CPFSK
1775,8PSK
1776,CPFSK
1777,GFSK
1778,BPSK
1779,CPFSK
1780,CPFSK
1781,GFSK
1782,8PSK
1783,CPFSK
1784,CPFSK
1785,CPFSK
1786,GFSK
1787,8PSK
1788,GFSK
1789,CPFSK
1790,CPFSK
1791,8PSK
1792,BPSK
1793,GFSK
1794,GFSK
1795,CPFSK
1796,GFSK
1797,GFSK
1798,8PSK
1799,QPSK
1800,BPSK
1801,GFSK
1802,CPFSK
1803,CPFSK
1804,CPFSK
1805,8PSK
1806,GFSK
1807,GFSK
1808,GFSK
1809,CPFSK
1810,GFSK
1811,8PSK
1812,CPFSK
1813,CPFSK
1814,QPSK
1815,QPSK
1816,CPFSK
1817,CPFSK
1818,BPSK
1819,8PSK
1820,GFSK
1821,GFSK
1822,CPFSK
1823,CPFSK
1824,8PSK
1825,8PSK
1826,BPSK
1827,BPSK
1828,QPSK
1829,BPSK
1830,QPSK
1831,8PSK
1832,8PSK
1833,8PSK
1834,GFSK
1835,8PSK
1836,8PSK
1837,BPSK
1838,BPSK
1839,GFSK
1840,8PSK
1841,GFSK
1842,QPSK
1843,GFSK
1844,CPFSK
1845,BPSK
1846,CPFSK
1847,CPFSK
1848,GFSK
1849,CPFSK
1850,8PSK
1851,QPSK
1852,GFSK
1853,CPFSK
1854,8PSK
1855,8PSK
1856,QPSK
1857,QPSK
1858,8PSK
1859,8PSK
1860,QPSK
1861,BPSK
1862,BPSK
1863,CPFSK
1864,8PSK
1865,QPSK
1866,8PSK
1867,8PSK
1868,QPSK
1869,8PSK
1870,QPSK
1871,BPSK
1872,QPSK
1873,GFSK
1874,8PSK
1875,QPSK
1876,CPFSK
1877,QPSK
1878,QPSK
1879,CPFSK
1880,CPFSK
1881,QPSK
1882,QPSK
1883,BPSK
1884,BPSK
1885,8PSK
1886,8PSK
1887,BPSK
1888,BPSK
1889,8PSK
1890,8PSK
1891,CPFSK
1892,GFSK
1893,GFSK
1894,QPSK
1895,CPFSK
1896,8PSK
1897,CPFSK
1898,GFSK
1899,CPFSK
1900,QPSK
1901,CPFSK
1902,8PSK
1903,QPSK
1904,8PSK
1905,BPSK
1906,BPSK
1907,QPSK
1908,8PSK
1909,BPSK
1910,CPFSK
1911,GFSK
1912,GFSK
1913,QPSK
1914,8PSK
1915,CPFSK
1916,CPFSK
1917,BPSK
1918,BPSK
1919,QPSK
1920,CPFSK
1921,QPSK
1922,QPSK
1923,CPFSK
1924,BPSK
1925,GFSK
1926,8PSK
1927,8PSK
1928,BPSK
1929,QPSK
1930,CPFSK
1931,CPFSK
1932,QPSK
1933,CPFSK
1934,QPSK
1935,CPFSK
1936,GFSK
1937,GFSK
1938,QPSK
1939,GFSK
1940,GFSK
1941,QPSK
1942,CPFSK
1943,GFSK
1944,BPSK
1945,BPSK
1946,GFSK
1947,BPSK
1948,CPFSK
1949,QPSK
1950,BPSK
1951,GFSK
1952,8PSK
1953,8PSK
1954,8PSK
1955,GFSK
1956,GFSK
1957,GFSK
1958,QPSK
1959,8PSK
1960,8PSK
1961,CPFSK
1962,CPFSK
1963,GFSK
1964,BPSK
1965,GFSK
1966,8PSK
1967,BPSK
1968,8PSK
1969,GFSK
1970,CPFSK
1971,QPSK
1972,BPSK
1973,GFSK
1974,GFSK
1975,8PSK
1976,8PSK
1977,BPSK
1978,BPSK
1979,BPSK
1980,QPSK
1981,QPSK
1982,8PSK
1983,BPSK
1984,QPSK
1985,CPFSK
1986,8PSK
1987,CPFSK
1988,CPFSK
1989,8PSK
1990,CPFSK
1991,QPSK
1992,CPFSK
1993,BPSK
1994,GFSK
1995,CPFSK
1996,GFSK
1997,QPSK
1998,CPFSK
1999,QPSK
2000,GFSK
2001,8PSK
2002,CPFSK
2003,GFSK
2004,CPFSK
2005,GFSK
2006,8PSK
2007,CPFSK
2008,QPSK
2009,CPFSK
2010,BPSK
2011,GFSK
2012,QPSK
2013,QPSK
2014,8PSK
2015,CPFSK
2016,8PSK
2017,GFSK
2018,GFSK
2019,8PSK
2020,GFSK
2021,8PSK
2022,QPSK
2023,CPFSK
2024,BPSK
2025,8PSK
2026,8PSK
2027,BPSK
2028,GFSK
2029,8PSK
2030,GFSK
2031,BPSK
2032,GFSK
2033,BPSK
2034,BPSK
2035,BPSK
2036,QPSK
2037,BPSK
2038,CPFSK
2039,GFSK
2040,BPSK
2041,8PSK
2042,CPFSK
2043,GFSK
2044,GFSK
2045,8PSK
2046,8PSK
2047,8PSK
2048,CPFSK
2049,8PSK
2050,8PSK
2051,GFSK
2052,GFSK
2053,CPFSK
2054,CPFSK
2055,CPFSK
2056,GFSK
2057,GFSK
2058,CPFSK
2059,8PSK
2060,QPSK
2061,CPFSK
2062,QPSK
2063,GFSK
2064,CPFSK
2065,8PSK
2066,BPSK
2067,CPFSK
2068,BPSK
2069,QPSK
2070,GFSK
2071,CPFSK
2072,CPFSK
2073,GFSK
2074,BPSK
2075,8PSK
2076,CPFSK
2077,8PSK
2078,QPSK
2079,QPSK
2080,GFSK
2081,BPSK
2082,QPSK
2083,CPFSK
2084,GFSK
2085,8PSK
2086,8PSK
2087,QPSK
2088,QPSK
2089,8PSK
2090,CPFSK
2091,GFSK
2092,CPFSK
2093,CPFSK
2094,BPSK
2095,CPFSK
2096,BPSK
2097,CPFSK
2098,GFSK
2099,CPFSK
2100,8PSK
2101,GFSK
2102,CPFSK
2103,8PSK
2104,GFSK
2105,QPSK
2106,CPFSK
2107,QPSK
2108,QPSK
2109,CPFSK
2110,QPSK
2111,CPFSK
2112,8PSK
2113,CPFSK
2114,QPSK
2115,CPFSK
2116,QPSK
2117,BPSK
2118,QPSK
2119,BPSK
2120,BPSK
2121,QPSK
2122,CPFSK
2123,QPSK
2124,GFSK
2125,QPSK
2126,QPSK
2127,QPSK
2128,QPSK
2129,QPSK
2130,QPSK
2131,8PSK
2132,GFSK
2133,8PSK
2134,CPFSK
2135,CPFSK
2136,GFSK
2137,BPSK
2138,GFSK
2139,BPSK
2140,CPFSK
2141,BPSK
2142,BPSK
2143,BPSK
2144,BPSK
2145,8PSK
2146,QPSK
2147,BPSK
2148,CPFSK
2149,CPFSK
2150,GFSK
2151,CPFSK
2152,GFSK
2153,CPFSK
2154,8PSK
2155,8PSK
2156,BPSK
2157,8PSK
2158,GFSK
2159,QPSK
2160,8PSK
2161,CPFSK
2162,GFSK
2163,CPFSK
2164,8PSK
2165,CPFSK
2166,8PSK
2167,GFSK
2168,QPSK
2169,CPFSK
2170,8PSK
2171,GFSK
2172,8PSK
2173,CPFSK
2174,8PSK
2175,CPFSK
2176,BPSK
2177,8PSK
2178,BPSK
2179,CPFSK
2180,CPFSK
2181,BPSK
2182,CPFSK
2183,8PSK
2184,GFSK
2185,QPSK
2186,BPSK
2187,GFSK
2188,QPSK
2189,CPFSK
2190,QPSK
2191,BPSK
2192,QPSK
2193,GFSK
2194,8PSK
2195,CPFSK
2196,CPFSK
2197,GFSK
2198,GFSK
2199,BPSK
2200,CPFSK
2201,QPSK
2202,BPSK
2203,8PSK
2204,GFSK
2205,GFSK
2206,CPFSK
2207,8PSK
2208,CPFSK
2209,QPSK
2210,QPSK
2211,BPSK
2212,CPFSK
2213,GFSK
2214,BPSK
2215,QPSK
2216,QPSK
2217,CPFSK
2218,CPFSK
2219,GFSK
2220,CPFSK
2221,CPFSK
2222,QPSK
2223,BPSK
2224,QPSK
2225,CPFSK
2226,QPSK
2227,BPSK
2228,8PSK
2229,QPSK
2230,GFSK
2231,GFSK
2232,GFSK
2233,BPSK
2234,QPSK
2235,QPSK
2236,8PSK
2237,CPFSK
2238,QPSK
2239,QPSK
2240,8PSK
2241,GFSK
2242,QPSK
2243,GFSK
2244,8PSK
2245,QPSK
2246,CPFSK
2247,CPFSK
2248,GFSK
2249,CPFSK
2250,CPFSK
2251,GFSK
2252,QPSK
2253,8PSK
2254,GFSK
2255,GFSK
2256,BPSK
2257,QPSK
2258,BPSK
2259,BPSK
2260,GFSK
2261,QPSK
2262,QPSK
2263,GFSK
2264,GFSK
2265,QPSK
2266,BPSK
2267,GFSK
2268,CPFSK
2269,QPSK
2270,QPSK
2271,CPFSK
2272,GFSK
2273,CPFSK
2274,QPSK
2275,QPSK
2276,GFSK
2277,BPSK
2278,CPFSK
2279,GFSK
2280,BPSK
2281,QPSK
2282,BPSK
2283,QPSK
2284,QPSK
2285,CPFSK
2286,CPFSK
2287,QPSK
2288,CPFSK
2289,QPSK
2290,CPFSK
2291,BPSK
2292,QPSK
2293,CPFSK
2294,QPSK
2295,QPSK
2296,QPSK
2297,CPFSK
2298,8PSK
2299,QPSK
2300,8PSK
2301,8PSK
2302,8PSK
2303,BPSK
2304,GFSK
2305,QPSK
2306,CPFSK
2307,GFSK
2308,GFSK
2309,GFSK
2310,CPFSK
2311,QPSK
2312,CPFSK
2313,BPSK
2314,BPSK
2315,QPSK
2316,8PSK
2317,BPSK
2318,BPSK
2319,QPSK
2320,QPSK
2321,CPFSK
2322,CPFSK
2323,CPFSK
2324,BPSK
2325,8PSK
2326,CPFSK
2327,BPSK
2328,CPFSK
2329,8PSK
2330,BPSK
2331,CPFSK
2332,QPSK
2333,GFSK
2334,8PSK
2335,QPSK
2336,BPSK
2337,QPSK
2338,8PSK
2339,CPFSK
2340,QPSK
2341,QPSK
2342,QPSK
2343,8PSK
2344,BPSK
2345,8PSK
2346,CPFSK
2347,QPSK
2348,GFSK
2349,CPFSK
2350,BPSK
2351,CPFSK
2352,QPSK
2353,8PSK
2354,GFSK
2355,BPSK
2356,8PSK
2357,8PSK
2358,GFSK
2359,CPFSK
2360,QPSK
2361,GFSK
2362,QPSK
2363,CPFSK
2364,8PSK
2365,BPSK
2366,BPSK
2367,GFSK
2368,8PSK
2369,8PSK
2370,QPSK
2371,8PSK
2372,GFSK
2373,BPSK
2374,BPSK
2375,BPSK
2376,QPSK
2377,8PSK
2378,CPFSK
2379,GFSK
2380,GFSK
2381,BPSK
2382,CPFSK
2383,CPFSK
2384,BPSK
2385,QPSK
2386,CPFSK
2387,8PSK
2388,QPSK
2389,8PSK
2390,CPFSK
2391,8PSK
2392,GFSK
2393,QPSK
2394,CPFSK
2395,GFSK
2396,GFSK
2397,8PSK
2398,8PSK
2399,CPFSK
2400,CPFSK
2401,BPSK
2402,GFSK
2403,CPFSK
2404,CPFSK
2405,GFSK
2406,QPSK
2407,8PSK
2408,QPSK
2409,BPSK
2410,CPFSK
2411,BPSK
2412,8PSK
2413,QPSK
2414,QPSK
2415,CPFSK
2416,GFSK
2417,CPFSK
2418,BPSK
2419,GFSK
2420,8PSK
2421,GFSK
2422,BPSK
2423,8PSK
2424,QPSK
2425,8PSK
2426,GFSK
2427,CPFSK
2428,GFSK
2429,GFSK
2430,8PSK
2431,QPSK
2432,CPFSK
2433,CPFSK
2434,BPSK
2435,8PSK
2436,8PSK
2437,QPSK
2438,BPSK
2439,QPSK
2440,BPSK
2441,CPFSK
2442,CPFSK
2443,BPSK
2444,GFSK
2445,QPSK
2446,8PSK
2447,8PSK
2448,8PSK
2449,BPSK
2450,QPSK
2451,BPSK
2452,GFSK
2453,CPFSK
2454,BPSK
2455,BPSK
2456,CPFSK
2457,CPFSK
2458,8PSK
2459,CPFSK
2460,QPSK
2461,8PSK
2462,QPSK
2463,8PSK
2464,GFSK
2465,BPSK
2466,8PSK
2467,GFSK
2468,QPSK
2469,GFSK
2470,GFSK
2471,8PSK
2472,CPFSK
2473,GFSK
2474,8PSK
2475,QPSK
2476,BPSK
2477,8PSK
2478,GFSK
2479,8PSK
2480,8PSK
2481,CPFSK
2482,CPFSK
2483,QPSK
2484,8PSK
2485,BPSK
2486,GFSK
2487,BPSK
2488,QPSK
2489,CPFSK
2490,GFSK
2491,QPSK
2492,QPSK
2493,QPSK
2494,GFSK
2495,BPSK
2496,8PSK
2497,QPSK
2498,CPFSK
2499,CPFSK
2500,CPFSK
2501,GFSK
2502,CPFSK
2503,CPFSK
2504,QPSK
2505,QPSK
2506,8PSK
2507,GFSK
2508,QPSK
2509,GFSK
2510,GFSK
2511,GFSK
2512,BPSK
2513,CPFSK
2514,QPSK
2515,GFSK
2516,GFSK
2517,8PSK
2518,CPFSK
2519,QPSK
2520,GFSK
2521,CPFSK
2522,8PSK
2523,GFSK
2524,QPSK
2525,QPSK
2526,BPSK
2527,8PSK
2528,BPSK
2529,CPFSK
2530,GFSK
2531,BPSK
2532,BPSK
2533,8PSK
2534,8PSK
2535,CPFSK
2536,8PSK
2537,CPFSK
2538,BPSK
2539,QPSK
2540,CPFSK
2541,QPSK
2542,QPSK
2543,CPFSK
2544,QPSK
2545,8PSK
2546,GFSK
2547,GFSK
2548,CPFSK
2549,BPSK
2550,BPSK
2551,CPFSK
2552,8PSK
2553,BPSK
2554,8PSK
2555,BPSK
2556,QPSK
2557,CPFSK
2558,8PSK
2559,8PSK
2560,CPFSK
2561,8PSK
2562,8PSK
2563,CPFSK
2564,BPSK
2565,BPSK
2566,8PSK
2567,BPSK
2568,QPSK
2569,GFSK
2570,8PSK
2571,QPSK
2572,CPFSK
2573,CPFSK
2574,GFSK
2575,CPFSK
2576,8PSK
2577,8PSK
2578,8PSK
2579,GFSK
2580,CPFSK
2581,CPFSK
2582,QPSK
2583,CPFSK
2584,QPSK
2585,BPSK
2586,8PSK
2587,GFSK
2588,CPFSK
2589,8PSK
2590,GFSK
2591,GFSK
2592,CPFSK
2593,8PSK
2594,QPSK
2595,GFSK
2596,QPSK
2597,8PSK
2598,GFSK
2599,CPFSK
2600,QPSK
2601,8PSK
2602,CPFSK
2603,CPFSK
2604,QPSK
2605,8PSK
2606,QPSK
2607,QPSK
2608,GFSK
2609,GFSK
2610,QPSK
2611,BPSK
2612,QPSK
2613,CPFSK
2614,CPFSK
2615,8PSK
2616,8PSK
2617,CPFSK
2618,GFSK
2619,GFSK
2620,GFSK
2621,BPSK
2622,8PSK
2623,BPSK
2624,CPFSK
2625,QPSK
2626,GFSK
2627,QPSK
2628,GFSK
2629,GFSK
2630,CPFSK
2631,BPSK
2632,8PSK
2633,GFSK
2634,CPFSK
2635,8PSK
2636,CPFSK
2637,BPSK
2638,BPSK
2639,8PSK
2640,CPFSK
2641,QPSK
2642,CPFSK
2643,8PSK
2644,QPSK
2645,CPFSK
2646,BPSK
2647,8PSK
2648,QPSK
2649,8PSK
2650,BPSK
2651,8PSK
2652,CPFSK
2653,8PSK
2654,BPSK
2655,BPSK
2656,GFSK
2657,8PSK
2658,BPSK
2659,CPFSK
2660,8PSK
2661,8PSK
2662,CPFSK
2663,GFSK
2664,QPSK
2665,8PSK
2666,BPSK
2667,8PSK
2668,BPSK
2669,8PSK
2670,8PSK
2671,QPSK
2672,CPFSK
2673,GFSK
2674,BPSK
2675,GFSK
2676,GFSK
2677,CPFSK
2678,QPSK
2679,CPFSK
2680,GFSK
2681,BPSK
2682,GFSK
2683,CPFSK
2684,GFSK
2685,QPSK
2686,BPSK
2687,BPSK
2688,8PSK
2689,QPSK
2690,GFSK
2691,GFSK
2692,QPSK
2693,8PSK
2694,GFSK
2695,BPSK
2696,8PSK
2697,BPSK
2698,CPFSK
2699,8PSK
2700,QPSK
2701,GFSK
2702,BPSK
2703,8PSK
2704,GFSK
2705,CPFSK
2706,CPFSK
2707,BPSK
2708,8PSK
2709,QPSK
2710,CPFSK
2711,8PSK
2712,GFSK
2713,BPSK
2714,QPSK
2715,CPFSK
2716,QPSK
2717,CPFSK
2718,CPFSK
2719,GFSK
2720,CPFSK
2721,8PSK
2722,CPFSK
2723,QPSK
2724,8PSK
2725,BPSK
2726,BPSK
2727,GFSK
2728,BPSK
2729,GFSK
2730,BPSK
2731,8PSK
2732,8PSK
2733,GFSK
2734,QPSK
2735,GFSK
2736,GFSK
2737,GFSK
2738,8PSK
2739,GFSK
2740,GFSK
2741,8PSK
2742,QPSK
2743,BPSK
2744,BPSK
2745,CPFSK
2746,QPSK
2747,GFSK
2748,CPFSK
2749,GFSK
2750,QPSK
2751,CPFSK
2752,GFSK
2753,QPSK
2754,QPSK
2755,BPSK
2756,GFSK
2757,CPFSK
2758,CPFSK
2759,8PSK
2760,QPSK
2761,QPSK
2762,BPSK
2763,GFSK
2764,QPSK
2765,8PSK
2766,CPFSK
2767,GFSK
2768,CPFSK
2769,8PSK
2770,GFSK
2771,QPSK
2772,8PSK
2773,CPFSK
2774,GFSK
2775,QPSK
2776,GFSK
2777,BPSK
2778,BPSK
2779,GFSK
2780,GFSK
2781,8PSK
2782,8PSK
2783,GFSK
2784,GFSK
2785,QPSK
2786,GFSK
2787,QPSK
2788,GFSK
2789,8PSK
2790,CPFSK
2791,BPSK
2792,QPSK
2793,QPSK
2794,BPSK
2795,BPSK
2796,CPFSK
2797,GFSK
2798,BPSK
2799,GFSK
2800,BPSK
2801,8PSK
2802,BPSK
2803,CPFSK
2804,QPSK
2805,QPSK
2806,BPSK
2807,BPSK
2808,BPSK
2809,QPSK
2810,BPSK
2811,QPSK
2812,8PSK
2813,GFSK
2814,QPSK
2815,GFSK
2816,8PSK
2817,8PSK
2818,BPSK
2819,QPSK
2820,GFSK
2821,QPSK
2822,BPSK
2823,CPFSK
2824,GFSK
2825,QPSK
2826,GFSK
2827,8PSK
2828,BPSK
2829,QPSK
2830,GFSK
2831,GFSK
2832,QPSK
2833,GFSK
2834,8PSK
2835,CPFSK
2836,GFSK
2837,QPSK
2838,CPFSK
2839,CPFSK
2840,QPSK
2841,GFSK
2842,QPSK
2843,8PSK
2844,QPSK
2845,QPSK
2846,BPSK
2847,GFSK
2848,CPFSK
2849,8PSK
2850,8PSK
2851,GFSK
2852,GFSK
2853,8PSK
2854,QPSK
2855,8PSK
2856,CPFSK
2857,BPSK
2858,BPSK
2859,8PSK
2860,CPFSK
2861,CPFSK
2862,CPFSK
2863,CPFSK
2864,QPSK
2865,BPSK
2866,GFSK
2867,8PSK
2868,GFSK
2869,CPFSK
2870,GFSK
2871,CPFSK
2872,QPSK
2873,QPSK
2874,GFSK
2875,8PSK
2876,8PSK
2877,CPFSK
2878,CPFSK
2879,QPSK
2880,BPSK
2881,CPFSK
2882,BPSK
2883,CPFSK
2884,8PSK
2885,8PSK
2886,GFSK
2887,CPFSK
2888,8PSK
2889,QPSK
2890,BPSK
2891,GFSK
2892,BPSK
2893,8PSK
2894,CPFSK
2895,QPSK
2896,QPSK
2897,BPSK
2898,QPSK
2899,BPSK
2900,QPSK
2901,QPSK
2902,CPFSK
2903,CPFSK
2904,8PSK
2905,8PSK
2906,BPSK
2907,GFSK
2908,GFSK
2909,CPFSK
2910,GFSK
2911,GFSK
2912,CPFSK
2913,BPSK
2914,CPFSK
2915,QPSK
2916,GFSK
2917,GFSK
2918,GFSK
2919,BPSK
2920,CPFSK
2921,8PSK
2922,BPSK
2923,CPFSK
2924,GFSK
2925,CPFSK
2926,8PSK
2927,8PSK
2928,GFSK
2929,BPSK
2930,QPSK
2931,CPFSK
2932,8PSK
2933,BPSK
2934,QPSK
2935,CPFSK
2936,8PSK
2937,QPSK
2938,GFSK
2939,BPSK
2940,BPSK
2941,QPSK
2942,8PSK
2943,8PSK
2944,GFSK
2945,QPSK
2946,8PSK
2947,QPSK
2948,QPSK
2949,QPSK
2950,BPSK
2951,BPSK
2952,8PSK
2953,8PSK
2954,CPFSK
2955,QPSK
2956,BPSK
2957,8PSK
2958,CPFSK
2959,CPFSK
2960,8PSK
2961,GFSK
2962,CPFSK
2963,QPSK
2964,CPFSK
2965,GFSK
2966,8PSK
2967,CPFSK
2968,BPSK
2969,BPSK
2970,GFSK
2971,GFSK
2972,CPFSK
2973,8PSK
2974,QPSK
2975,8PSK
2976,QPSK
2977,8PSK
2978,BPSK
2979,BPSK
2980,CPFSK
2981,GFSK
2982,8PSK
2983,CPFSK
2984,8PSK
2985,BPSK
2986,GFSK
2987,BPSK
2988,GFSK
2989,GFSK
2990,CPFSK
2991,BPSK
2992,GFSK
2993,8PSK
2994,GFSK
2995,QPSK
2996,CPFSK
2997,CPFSK
2998,CPFSK
2999,8PSK